county_id,rate
01001,0.533345012847465
01003,0.427434540581403
01005,0.530549703122007
01007,0.504501887888469
01009,0.63382552066542
01011,0.333333333333333
01013,0.51306765523633
01015,0.574196219125155
01017,0.340116279069767
01019,0.430894308943089
01021,0.549469026548673
01023,0.444444444444444
01025,0.598382524595631
01027,0.653744915051448
01029,0.481132075471698
01031,0.511357971943317
01033,0.482889733840304
01035,0.4375
01037,0.271676300578035
01039,0.395061728395062
01041,0.379310344827586
01043,0.560264249068803
01045,0.535206227073454
01047,0.503840526700805
01049,0.385906040268456
01051,0.610833771238396
01053,0.395256916996047
01055,0.468783068783069
01057,0.458333333333333
01059,0.44436127744511
01061,0.525680986583548
01063,0.436485195797517
01065,0.541704035874439
01067,0.531756627884799
01069,0.549357343250473
01071,0.548108657019548
01073,0.495371499992531
01075,0.581737849779087
01077,0.612440518982575
01079,0.555054449455505
01081,0.492454699061936
01083,0.384615384615385
01085,0.307692307692308
01087,0.376196990424077
01089,0.594255494724887
01091,0.5635273641462
01093,0.497041420118343
01095,0.531189015890716
01097,0.538251388074213
01099,0.50920245398773
01101,0.424817518248175
01103,0.522859975762917
01105,0.509761388286334
01107,0.380281690140845
01109,0.337078651685393
01111,0.420634920634921
01113,0.420617816091954
01115,0.58520561278287
01117,0.638973354635881
01119,0.642857142857143
01121,0.571350383122699
01123,0.424778761061947
01125,0.518493363347047
01127,0.588787848506046
01129,0.50561797752809
01131,0.494252873563218
01133,0.449275362318841
02020,0.346093885328252
02090,0.219402985074627
02110,0.318170362903226
02122,0.268831455710183
02130,0.1875
02150,0.111111111111111
02170,0.258549649773383
02220,0.142857142857143
04001,0.335
04003,0.465024601339736
04005,0.467034159468727
04007,0.453885497442666
04009,0.443393148450245
04011,0.409356725146199
04012,0.384660081348053
04013,0.43863781885253
04015,0.433834453243195
04017,0.406683480453972
04019,0.444864642750186
04021,0.380301354972919
04023,0.408329971762808
04025,0.501319953911002
04027,0.427438159571144
05001,0.37984496124031
05003,0.419239052404882
05005,0.372549019607843
05007,0.378008836606409
05009,0.42446694657117
05011,0.348306148055207
05013,0.4
05015,0.369598262757872
05017,0.353576642335766
05019,0.369305282276374
05021,0.531306880232981
05023,0.558231306283517
05025,0.440324858757062
05027,0.15
05029,0.549862637362637
05031,0.545586722933437
05033,0.425081703871933
05035,0.531509669828664
05037,0.51528696585017
05039,0.37672493100276
05041,0.349274915149645
05043,0.384814667198087
05045,0.555552341557953
05047,0.399326977005048
05049,0.5247668997669
05051,0.355412991178829
05053,0.42310875682834
05055,0.422391857506361
05057,0.302325581395349
05059,0.524794144556267
05061,0.390813648293963
05063,0.560003436130917
05065,0.414373947220663
05067,0.51260900306387
05069,0.399675096592905
05071,0.349030470914127
05073,0.328958509737511
05075,0.548990116029222
05077,0.341463414634146
05079,0.288888888888889
05081,0.384138785625774
05083,0.382022471910112
05085,0.550250011261769
05087,0.340988312487185
05089,0.385756676557863
05091,0.309012875536481
05093,0.468379944570421
05095,0.392857142857143
05097,0.363349684653118
05099,0.32
05101,0.333333333333333
05103,0.290909090909091
05105,0.497479521109011
05107,0.381443298969072
05109,0.271604938271605
05111,0.44017094017094
05113,0.333333333333333
05115,0.429941248198648
05117,0.5
05119,0.564167969958769
05121,0.553747032892506
05123,0.471505283214966
05125,0.558439291947145
05127,0.331905781584582
05129,0.456521739130435
05131,0.423954006546915
05133,0.318994889267462
05135,0.481399317406143
05137,0.483217753120666
05139,0.311764705882353
05141,0.476190476190476
05143,0.341024498886414
05145,0.448140900195695
05147,0.344262295081967
05149,0.499512907939601
06001,0.513204510539572
06003,0.45933014354067
06005,0.515678488292483
06007,0.526125115581089
06009,0.467440427280197
06011,0.402058734483803
06013,0.482992645636973
06015,0.489201877934272
06017,0.544071619258032
06019,0.417848935118771
06021,0.482674400854831
06023,0.496179473072926
06025,0.270822547735786
06027,0.501542529748788
06029,0.397334960634648
06031,0.305930138099106
06033,0.0961029366496337
06035,0.464959820594281
06037,0.455615405758368
06039,0.37375581600801
06041,0.583160678261818
06043,0.437916414294367
06045,0.0703666997026759
06047,0.487571478585599
06049,0.448051948051948
06051,0.346955796497081
06053,0.518465068087626
06055,0.572928573327308
06057,0.524415600781299
06059,0.485753656956333
06061,0.562700996252987
06063,0.399543378995434
06065,0.419917489943258
06067,0.455864272114335
06069,0.578221331689272
06071,0.434833294975727
06073,0.448679784625621
06075,0.407092010230415
06077,0.417085786901971
06079,0.371193511911725
06081,0.591170916960156
06083,0.357894528427034
06085,0.545549678720755
06087,0.484120905020033
06089,0.562485764178878
06091,0.351648351648352
06093,0.520232742660672
06095,0.504708114167457
06097,0.464719631402478
06099,0.531607042155598
06101,0.509290540540541
06103,0.514411095459963
06105,0.34469696969697
06107,0.393029742625648
06109,0.485024752475248
06111,0.442542491268917
06113,0.352370737811145
06115,0.432266499914729
08001,0.458733143415138
08003,0.370795107033639
08005,0.54968797670226
08007,0.275147928994083
08009,0
08011,0.333333333333333
08013,0.498973181316958
08014,0.438936481404095
08015,0.440513411222643
08017,0.437837837837838
08019,0.362085769980507
08021,0.5
08025,0.285714285714286
08027,0.4
08029,0.423177083333333
08031,0.438480449240483
08035,0.590824225175856
08037,0.191900384033516
08039,0.625800426894344
08041,0.549060954115348
08043,0.452500162559334
08045,0.432788764689023
08047,0.271034039820167
08049,0.142857142857143
08051,0.312042310821806
08055,0.451612903225806
08057,0.666666666666667
08059,0.586526569314557
08061,0.888888888888889
08063,0.368421052631579
08065,0.367191467750127
08067,0.436893704850361
08069,0.510809537272642
08071,0.422109393030233
08073,0.502046384720327
08075,0.522904331567467
08077,0.498367019390478
08079,0.174672489082969
08081,0.334745762711864
08083,0.333333333333333
08085,0.505304763886
08087,0.47253935825021
08089,0.456748025843503
08091,0.431170886075949
08093,0.481867444768654
08095,0.532451165721487
08097,0.221814848762603
08099,0
08101,0.500564052299669
08105,0.402324993682082
08107,0.270833333333333
08109,0.351635514018692
08111,0.032258064516129
08113,0.12280701754386
08115,0.538557213930348
08117,0.272727272727273
08119,0.51784212423405
08121,0.52378223495702
08123,0.472822208031254
08125,0.444444444444444
09001,0.546424917585541
09003,0.636656186281071
09005,0.623637315730177
09007,0.580505480568892
09009,0.574839832122626
09011,0.505307571649177
09013,0.597113279824881
09015,0.498793242156074
10001,0.444133328219094
10003,0.460804696098814
10005,0.393138180673591
11001,0.30995924553032
12001,0.422629231333252
12003,0.400740969435011
12005,0.383010896152991
12007,0.509988901220866
12009,0.527113909667645
12011,0.439384764834453
12013,0.476913730255164
12015,0.440854003139717
12017,0.469722057003231
12019,0.498870769278694
12021,0.258649638750382
12023,0.4613960867266
12027,0.409229545153163
12029,0.431824417009602
12031,0.414172904136582
12033,0.528463955264751
12035,0.478492914244186
12037,0.327519876891511
12039,0.518657013286658
12041,0.520031733439111
12043,0.299893654732364
12045,0.374401226288561
12047,0.475143726750085
12049,0.382126652199645
12051,0.247427854454203
12053,0.560598200655116
12055,0.455988455988456
12057,0.447415186232097
12059,0.461477987421384
12061,0.44796573875803
12063,0.48193445243805
12065,0.532775453277545
12067,0.494401885680613
12069,0.475373231936322
12071,0.358994996968397
12073,0.528945843260996
12075,0.434344940720304
12077,0.439459127228027
12079,0.506329113924051
12081,0.40723361071646
12083,0.494055592069686
12085,0.445352867044738
12086,0.266103271489656
12087,0.350172809199264
12089,0.539095972579263
12091,0.483967323348801
12093,0.334912829682611
12095,0.334456048869958
12097,0.353282276974969
12099,0.379619491915393
12101,0.454770697682611
12103,0.447804183829971
12105,0.469780128026719
12107,0.381310797130155
12109,0.458491616655324
12111,0.442683949244986
12113,0.566189480456812
12115,0.414050737194966
12117,0.446333491096255
12119,0.514989347671705
12121,0.576869484440316
12123,0.549159008149818
12125,0.355031799476244
12127,0.45625134264232
12129,0.543484894720781
12131,0.344855826650742
12133,0.411262563678921
13001,0.536115569823435
13003,0.388888888888889
13005,0.489109545163357
13007,0.217675941080196
13009,0.418180317040951
13011,0.494730899510726
13013,0.533167278447824
13015,0.570031663252002
13017,0.426406063023534
13019,0.393590039197602
13021,0.461556972686801
13023,0.511389897655992
13025,0.395481515289822
13027,0.329019521824962
13029,0.456969082615307
13031,0.450146708741627
13033,0.424156836683835
13035,0.560617760617761
13037,0.164201183431953
13039,0.467500868960723
13043,0.355688622754491
13045,0.549916185509406
13047,0.586416425736267
13049,0.367588932806324
13051,0.468843668362436
13053,0.401315789473684
13055,0.480889980889981
13057,0.580016419056699
13059,0.40235368956743
13061,0.2793867120954
13063,0.424890690954204
13065,0.285815602836879
13067,0.547682505911532
13069,0.446376225614071
13071,0.344469754492534
13073,0.563569823732425
13075,0.32977207977208
13077,0.574152436899487
13079,0.503464818763326
13081,0.434462444771723
13083,0.545746388443018
13085,0.569824753559693
13087,0.33523611831863
13089,0.464711698256095
13091,0.482986767485822
13093,0.405670103092784
13095,0.405138831330294
13097,0.562610229276896
13099,0.27342325920525
13101,0.42964824120603
13103,0.514671183979672
13105,0.505492851768247
13107,0.470001993223042
13109,0.4206672091131
13111,0.435683222705425
13113,0.637065205234314
13115,0.585263157894737
13117,0.556004540295119
13119,0.515575916230366
13121,0.409643428391626
13123,0.360480390317133
13125,0.539597315436242
13127,0.464437734201623
13129,0.56028322297253
13131,0.332466821726638
13133,0.448358208955224
13135,0.462226419528499
13137,0.53183779119931
13139,0.532949594906267
13141,0.248058252427184
13143,0.541219056515647
13145,0.575878516499562
13147,0.510231769361221
13149,0.536685902720528
13151,0.554154557670073
13153,0.539909569068931
13155,0.46271637816245
13157,0.528283079990032
13159,0.533289817232376
13161,0.494587628865979
13163,0.422908622908623
13165,0.426660296225514
13167,0.36343732895457
13169,0.54229571052001
13171,0.554279362726936
13173,0.265632131446828
13175,0.3710407239819
13177,0.399020262747718
13179,0.341835238932864
13181,0.45732966276669
13183,0.236348122866894
13185,0.362610500937584
13187,0.486542017670023
13189,0.529881862404448
13191,0.3
13193,0.342679127725857
13195,0.545454545454545
13197,0.391859052247874
13199,0.452983586439638
13201,0.353364149974319
13205,0.377323762194
13207,0.554601691705593
13209,0.449457452884066
13211,0.442622950819672
13213,0.465020576131687
13215,0.493841160599069
13217,0.545174896140551
13219,0.549288111000272
13221,0.509509066784609
13223,0.575243553008596
13225,0.332740213523132
13227,0.508856838640983
13229,0.527272727272727
13231,0.498004940148204
13233,0.513822856136644
13235,0.25
13237,0.431331225851774
13239,0.28125
13241,0.352170212765957
13243,0.237394957983193
13245,0.471450218050115
13247,0.561423426244911
13249,0.312590448625181
13251,0.496134020618557
13253,0.293163383545771
13255,0.535537445842789
13257,0.381411492479753
13259,0.245980707395498
13261,0.369103031827903
13263,0.33210332103321
13265,0.426587301587302
13267,0.352051282051282
13269,0.356541698546289
13271,0.349173553719008
13273,0.303520841764468
13275,0.378005796193311
13277,0.388401826484018
13279,0.46766978446523
13281,0.441092270425017
13283,0.401486988847584
13285,0.503259452411995
13287,0.344104070499371
13289,0.36829386176897
13291,0.45973249857712
13293,0.499674337820234
13295,0.57067189798921
13297,0.592912639757438
13299,0.485193226226661
13301,0.388191881918819
13303,0.498560633321339
13305,0.513788454467459
13307,0.338762214983713
13309,0.366442953020134
13311,0.495331635746332
13313,0.471403431588209
13315,0.44524236983842
13317,0.486386840612592
13319,0.451814768460576
13321,0.409644585349574
15001,0.255589281634518
15003,0.355498149482103
15007,0.0355276907001045
15009,0.175238674653688
16001,0.545419680859064
16003,0.423076923076923
16005,0.55587367690439
16007,0.291666666666667
16009,0.354166666666667
16011,0.373219373219373
16013,0.220430107526882
16015,0.464662875710804
16017,0.380281690140845
16019,0.537627646512742
16021,0.3
16023,0.133333333333333
16027,0.490098595557341
16029,0.25
16031,0.506007552351528
16035,0.5
16037,0
16039,0.259615384615385
16041,0.488888888888889
16043,0.465909090909091
16045,0.441613588110403
16047,0.257352941176471
16049,0.304347826086957
16051,0.436657681940701
16053,0.31304347826087
16055,0.398831873174802
16057,0.418181818181818
16059,0.392857142857143
16061,0.2
16063,0.306666666666667
16065,0.442028985507246
16067,0.339393939393939
16069,0.453216374269006
16071,0.285714285714286
16073,0.372881355932203
16075,0.432017543859649
16077,0.314285714285714
16079,0.392072213500785
16081,0.181818181818182
16083,0.372270742358079
16085,0.297029702970297
16087,0.427480916030534
17001,0.307692307692308
17003,0.454545454545455
17005,0.636615515771526
17007,0.411117226197028
17011,0.364035087719298
17013,0.446428571428571
17015,0.416
17017,0.287128712871287
17019,0.426889605513098
17021,0.305882352941176
17023,0.448979591836735
17025,0.5
17027,0.655895129944364
17029,0.342756183745583
17031,0.438175553789358
17033,0.369565217391304
17035,0.571428571428571
17037,0.631380407874573
17039,0.306451612903226
17041,0.306122448979592
17043,0.591684105560315
17045,0.422018348623853
17047,0.230769230769231
17049,0.475806451612903
17051,0.387755102040816
17053,0.483524027459954
17055,0.346456692913386
17057,0.430976430976431
17059,0.125
17061,0.413793103448276
17063,0.586195194787566
17065,0.285714285714286
17067,0.424242424242424
17071,0.5
17073,0.596831091180867
17075,0.387323943661972
17077,0.526299810246679
17079,0.375
17081,0.356687898089172
17083,0.59187688035177
17085,0.416107382550336
17087,0.452380952380952
17089,0.555506533887978
17091,0.346446700507614
17093,0.451330287557108
17095,0.600906884659599
17097,0.565007186085392
17099,0.352054794520548
17101,0.176470588235294
17103,0.394321766561514
17105,0.481012658227848
17107,0.385185185185185
17109,0.307692307692308
17111,0.657359966099083
17113,0.36447790148448
17115,0.390204081632653
17117,0.596244434406659
17119,0.590490609727587
17121,0.489614243323442
17123,0.455696202531646
17125,0.607142857142857
17127,0.397959183673469
17129,0.406015037593985
17131,0.444444444444444
17133,0.732845060598134
17135,0.426900584795322
17137,0.489051094890511
17139,0.333333333333333
17141,0.596660172557751
17143,0.60099610676581
17145,0.346153846153846
17147,0.290322580645161
17149,0.307692307692308
17153,0
17155,0.470055710306407
17157,0.252577319587629
17159,0.446808510638298
17161,0.626877242723608
17163,0.607734033245844
17165,0.320512820512821
17167,0.585993136284098
17169,0.565217391304348
17171,0.125
17173,0.666666666666667
17175,0.50278293135436
17177,0.3975
17179,0.6341230375019
17181,0.181818181818182
17183,0.464587549101297
17185,0.428571428571429
17187,0.46
17189,0.514285714285714
17191,0
17193,0.48
17195,0.534323009982083
17197,0.53458811335422
17199,0.360730593607306
17201,0.618109006536823
17203,0.632442985180584
18001,0.636400120397311
18003,0.618140243902439
18005,0.550038957666003
18007,0.616616989567809
18009,0.58822322527698
18011,0.602637140494349
18013,0.493416927899686
18015,0.611356045424182
18017,0.578082191780822
18019,0.394016685264892
18021,0.601483400047092
18023,0.601967144501413
18025,0.414089809088465
18027,0.447430249632893
18029,0.514796070259006
18031,0.455803316180675
18033,0.639104099168897
18035,0.448683605270991
18037,0.491217948717949
18039,0.487098690962782
18041,0.458310203175308
18043,0.50823565463878
18045,0.607536132140399
18047,0.517828891322867
18049,0.608510638297872
18051,0.420407668041737
18053,0.594580970384373
18055,0.424302788844622
18057,0.57642251332858
18059,0.611805803660037
18061,0.489699907334806
18063,0.612671483074925
18065,0.489275881938664
18067,0.616832935225516
18069,0.621495730182006
18071,0.460522101217168
18073,0.619146628096185
18075,0.580478148317344
18077,0.474875759249034
18079,0.41984982043748
18081,0.621727835875574
18083,0.453648915187377
18085,0.51588826485368
18087,0.551001445385092
18089,0.55459773747077
18091,0.535743631881676
18093,0.456082755203171
18095,0.51380643379815
18097,0.461253142525624
18099,0.635406007343646
18101,0.445549878999731
18103,0.588712168004941
18105,0.507931350249609
18107,0.59244460588449
18109,0.620547529176971
18111,0.560738811271608
18113,0.582002234930651
18115,0.607681088964511
18117,0.435677787796814
18119,0.568242766407904
18121,0.581036168132942
18123,0.485291779297186
18125,0.449716565190006
18127,0.55082466002486
18129,0.532322685435842
18131,0.624242424242424
18133,0.581730769230769
18135,0.485258964143426
18137,0.491233837387684
18139,0.482142857142857
18141,0.480345911949686
18143,0.422067002975036
18145,0.498513448108968
18147,0.436752392344498
18149,0.551208014142605
18151,0.535507671669322
18153,0.544296889212298
18155,0.461146929080421
18157,0.581388990156763
18159,0.629668411867365
18161,0.473637571998228
18163,0.541016073986313
18165,0.585235640648012
18167,0.56376207834288
18169,0.606048703849175
18171,0.68213728549142
18173,0.521760272307318
18175,0.454730744475434
18177,0.478400943824303
18179,0.612162322979888
18181,0.586001147446931
18183,0.637981683082772
19001,0.478260869565217
19003,0.333333333333333
19005,0.716417910447761
19007,0.32258064516129
19009,0.4375
19011,0.451923076923077
19013,0.578196839918781
19015,0.639856239930599
19017,0.462962962962963
19019,0.680203045685279
19021,0.546560111188325
19023,0.643054277828887
19025,0.630254882489242
19027,0.596774193548387
19029,0.587648556876061
19031,0.646151148518324
19033,0.610962411264983
19035,0.638536866359447
19037,0.668320516000992
19039,0.599608099281515
19041,0.594468390804598
19043,0.728228652081863
19045,0.647287939988459
19047,0.224489795918367
19049,0.555032420600504
19051,0.379310344827586
19053,0.34375
19055,0.647022618864441
19057,0.637725327454286
19059,0.423913043478261
19061,0.662690744319318
19063,0.319148936170213
19065,0.753424657534247
19067,0.66280353200883
19069,0.464788732394366
19071,0.482758620689655
19073,0.619543973941368
19075,0.526315789473684
19077,0.434782608695652
19079,0.650614754098361
19081,0.52
19083,0.406976744186047
19085,0.509933774834437
19087,0.62133241284087
19089,0.5
19091,0.464285714285714
19093,0.363636363636364
19095,0.627162790697674
19097,0.641414141414141
19099,0.482861400894188
19101,0.387096774193548
19103,0.431372549019608
19105,0.618452739313667
19107,0.369565217391304
19109,0.649531817313205
19111,0.633631874110655
19113,0.56275509502934
19115,0.442622950819672
19117,0.352941176470588
19119,0.576923076923077
19121,0.497076023391813
19123,0.484848484848485
19125,0.627535101404056
19127,0.528847408954445
19129,0.422818791946309
19131,0.48936170212766
19133,0.285714285714286
19135,0.5
19137,0.357142857142857
19139,0.478260869565217
19141,0.631149452086733
19143,0.266666666666667
19145,0.371428571428571
19147,0.555555555555556
19149,0.431818181818182
19151,0.61731143890899
19153,0.584865894852326
19155,0.629496923633731
19157,0.578238341968912
19159,0.333333333333333
19161,0.451612903225806
19163,0.595813970507519
19165,0.382978723404255
19167,0.506329113924051
19169,0.457538225682818
19171,0.705685618729097
19173,0.551724137931034
19175,0.294117647058824
19177,0.428571428571429
19179,0.448504983388704
19181,0.446835443037975
19183,0.418604651162791
19185,0.333333333333333
19187,0.609114359415305
19189,0.64416507242416
19191,0.416666666666667
19193,0.595505252544964
19195,0.45
19197,0.5
20001,0.60230271048213
20003,0.395348837209302
20005,0.476190476190476
20007,0.333333333333333
20009,0.433333333333333
20011,0.600770800272047
20013,0.583472733355637
20015,0.479630665920537
20017,0.8
20019,0.454545454545455
20021,0.526315789473684
20027,0.62695810564663
20029,0.575458871515976
20031,0.470588235294118
20035,0.462225601064335
20037,0.5
20041,0.580123632905373
20043,0.555555555555556
20045,0.481077120351713
20047,1
20049,0.352941176470588
20051,0.454545454545455
20053,0.285714285714286
20055,0.342105263157895
20057,0.285714285714286
20059,0.60790315848059
20061,0.454492837505426
20065,1
20067,0.8
20069,0.666666666666667
20073,0.4
20077,0.181818181818182
20079,0.568004979769686
20085,0.5
20087,0.626854599406528
20089,0.25
20091,0.512048748393603
20095,0.407407407407407
20097,0.5
20099,0.555906506632975
20101,1
20103,0.59830385267749
20105,0.596153846153846
20107,0.508180628272251
20111,0.241379310344828
20113,0.632683846637335
20115,0.606701455644054
20117,0.657856093979442
20119,0.663003663003663
20121,0.386046511627907
20123,0.595844155844156
20125,0.431553295189659
20127,0.461538461538462
20131,0.606301718650541
20133,0.592497532082922
20135,0
20137,0
20139,0.612889725884076
20141,0.596993557623479
20143,0.656670113753878
20145,0.577325261419923
20149,0.599502100513459
20151,0.571428571428571
20155,0.577601690438457
20157,0.597488433575677
20159,0.625
20161,0.528069043394096
20163,0.5
20165,0.494178525226391
20167,0.553695955369595
20169,0.617976197525016
20171,0.58288125376733
20173,0.455908601381222
20175,0.380952380952381
20177,0.580014942099365
20181,0.1
20183,0.5
20185,0.541666666666667
20189,0.666666666666667
20191,0.465378421900161
20193,0
20197,0.553030303030303
20201,0.333333333333333
20203,0.875
20205,0.442622950819672
20207,0.553719008264463
20209,0.397414976558655
21001,0
21003,0.416666666666667
21005,0.258064516129032
21009,0.4
21011,0.25
21013,1
21015,0.475657947794296
21017,0.176470588235294
21019,0.357142857142857
21021,0.19047619047619
21023,0
21027,0.75
21029,0.601489274997221
21031,0
21033,0.25
21035,0.25
21037,0.481375654089782
21041,0
21043,0.181818181818182
21045,0.555555555555556
21047,0.507196550317581
21049,0.368421052631579
21051,0.25
21053,0
21055,0.4
21059,0.607876948544627
21061,0.631578947368421
21065,0.333333333333333
21067,0.379138545953361
21069,0.285714285714286
21073,0.302631578947368
21075,0.5
21077,0.444444444444444
21079,0.727272727272727
21081,0.38
21083,0.25
21085,0.2
21087,0.783783783783784
21089,0.455211024978467
21091,0.555555555555556
21093,0.536237709479933
21097,0.285714285714286
21099,0.666666666666667
21101,0.217391304347826
21103,0.875
21107,0.44
21109,0
21111,0.519156913327306
21113,0.426794574925571
21117,0.488013633056332
21121,1
21123,0.5
21125,0.4
21127,0.5
21135,0.5
21137,0.439024390243902
21139,0.25
21141,0.478260869565217
21145,0.4375
21147,1
21149,0.571428571428571
21151,0.263157894736842
21155,0.4375
21157,0.4
21161,0
21163,0.44578313253012
21167,0.25
21169,1
21171,0.5
21173,0.185567010309278
21177,0.4
21179,0.426470588235294
21181,0.666666666666667
21183,0.396551724137931
21185,0.433628318584071
21187,0.75
21191,0.25
21195,0.4
21197,0.222222222222222
21199,0.507982377185087
21203,0.375
21205,0.5
21207,0.481481481481481
21209,0.203703703703704
21211,0.424
21213,0.142857142857143
21215,0.5
21217,0.260869565217391
21219,0.4
21221,0.714285714285714
21223,0.4
21225,0.333333333333333
21227,0.539795980697575
21229,0.375
21231,0.409090909090909
21233,0.25
21235,0.333333333333333
21239,0.3
22001,0.535179682682065
22003,0.212121212121212
22005,0.546169557662409
22007,0.2
22009,0.241758241758242
22011,0.464
22015,0.541415049293599
22017,0.531865364066555
22019,0.588967212275342
22021,0.631578947368421
22023,0.428571428571429
22027,0.5
22029,0.181818181818182
22031,0.501971561715856
22033,0.560276755891453
22037,0.578125
22039,0.462962962962963
22041,0.379310344827586
22043,0.583333333333333
22045,0.501630481421093
22047,0.358333333333333
22049,0.75
22051,0.477730094260097
22053,0.377622377622378
22055,0.515665707309754
22057,0.546921326622078
22061,0.378151260504202
22063,0.543572148375642
22065,0.0833333333333333
22067,0.491228070175439
22069,0.387387387387387
22071,0.341971069846816
22073,0.528323970037453
22075,0.35
22077,0.2
22079,0.539621289380116
22083,0.325
22085,0.592592592592593
22087,0.194805194805195
22089,0.57535035515454
22091,0.666666666666667
22093,0.166666666666667
22095,0.464646464646465
22097,0.427924430641822
22099,0.466518105849582
22101,0.410112359550562
22103,0.565691853790413
22105,0.491468728901982
22109,0.541334300217549
22111,0.442622950819672
22113,0.546431444661533
22115,0.510240709459459
22117,0.497321428571429
22119,0.406015037593985
22121,0.422222222222222
22123,0
22125,0
22127,0
23001,0.580933088561119
23003,0.513185793798039
23005,0.551782305677631
23007,0.473210332103321
23009,0.421918792669781
23011,0.528954657365613
23013,0.498584413649233
23015,0.47438058317883
23017,0.453832604125234
23019,0.550578618444503
23021,0.45997171145686
23023,0.582288525630852
23025,0.506427273997485
23027,0.460182707391344
23029,0.392202502182136
23031,0.488367253506472
24001,0.64720664991301
24003,0.548177846927174
24005,0.577223629703174
24009,0.650009240436149
24011,0.621618743343983
24013,0.707992328579838
24015,0.654311703194385
24017,0.61879016175493
24019,0.557774310972439
24021,0.625817258334684
24023,0.589058278656889
24025,0.668135980610079
24027,0.526444365803263
24029,0.577424023154848
24031,0.43690690372879
24033,0.581819365196451
24035,0.622793035801864
24037,0.600482675400793
24039,0.548743396830479
24041,0.579368351612105
24043,0.640998095610137
24045,0.580423688365092
24047,0.359886201991465
24510,0.447475491145813
25001,0.485271238485159
25003,0.566539923954373
25005,0.629012803859714
25007,0.117705636327425
25009,0.592095465303238
25011,0.573637491648373
25013,0.619402208290296
25015,0.618563254926891
25017,0.591237382422334
25019,0.240674318507891
25021,0.645553765423058
25023,0.649848509223509
25025,0.340635176301691
25027,0.607934959934205
26001,0.378151260504202
26003,0.384615384615385
26005,0.606517695620047
26007,0.4330900243309
26009,0.36551724137931
26011,0.524904214559387
26013,0.333333333333333
26015,0.664731239553092
26017,0.6985505743252
26019,0.461095100864553
26021,0.287363304981774
26023,0.454861111111111
26025,0.609081518645783
26027,0.518045352922389
26029,0.446280991735537
26031,0.482939632545932
26033,0.411764705882353
26035,0.458563535911602
26037,0.640690041626641
26039,0.431372549019608
26041,0.439739413680782
26043,0.436274509803922
26045,0.619494425433271
26047,0.439878234398782
26049,0.578333146550114
26051,0.471042471042471
26053,0.392857142857143
26055,0.567528356634133
26057,0.479623824451411
26059,0.480392156862745
26061,0.48062015503876
26063,0.45253164556962
26065,0.510031399351837
26067,0.647501393275125
26069,0.449596774193548
26071,0.434210526315789
26073,0.605077955825032
26075,0.313226621735468
26077,0.627770491368917
26079,0.438961038961039
26081,0.592726213780719
26085,0.367924528301887
26087,0.721523432511812
26089,0.496875
26091,0.468020304568528
26093,0.495368030992084
26095,0.39344262295082
26097,0.480769230769231
26099,0.630774736088746
26101,0.471232876712329
26103,0.629721897402003
26105,0.464125560538117
26107,0.480633802816901
26109,0.458015267175573
26111,0.600671029465502
26113,0.498054474708171
26115,0.660427407905552
26117,0.468457214241099
26119,0.369127516778524
26121,0.619123505976096
26123,0.50240153698367
26125,0.560662667639135
26127,0.476091476091476
26129,0.420338983050847
26131,0.565217391304348
26133,0.520661157024793
26135,0.391304347826087
26137,0.423480083857442
26139,0.602090414062786
26141,0.476923076923077
26143,0.362038664323374
26145,0.580465972574911
26147,0.685332819371682
26149,0.622310685691282
26151,0.552336448598131
26153,0.5
26155,0.645758314941728
26157,0.696508075076386
26159,0.555956163209938
26161,0.55387311104809
26163,0.502193847459983
26165,0.411214953271028
27001,0.403225806451613
27003,0.557921084715705
27005,0.45679012345679
27007,0.34453781512605
27009,0.626214940294363
27011,0.25
27013,0.647225935828877
27015,0.384615384615385
27017,0.632203854233263
27019,0.536816709630511
27021,0.455245750648916
27023,0.50462384403899
27025,0.656067086897794
27027,0.592263200447789
27029,0
27031,0.290449438202247
27033,0.516129032258065
27035,0.575656201749871
27037,0.588875894098105
27039,0.352112676056338
27041,0.61022290545734
27043,0.566666666666667
27045,0.54
27047,0.333333333333333
27049,0.66946835443038
27051,0.875
27053,0.564214932880496
27055,0.541666666666667
27057,0.25
27059,0.626537997587455
27061,0.451219512195122
27063,1
27065,0.447619047619048
27067,0.264150943396226
27071,0.473684210526316
27073,0.5
27075,0.288888888888889
27079,0.446666666666667
27083,0.375
27085,0.373831775700935
27091,0.490909090909091
27093,0.362068965517241
27095,0.594818148643717
27097,0.69277909037212
27099,0.431372549019608
27101,0.5
27103,0.439024390243902
27105,0.333333333333333
27109,0.570644105025524
27111,0.579797708557107
27113,0.888888888888889
27115,0.541252651557441
27117,0.5
27119,0.5
27121,0.580645161290323
27123,0.491249262578307
27127,0.666666666666667
27129,0.153846153846154
27131,0.624846445548256
27133,0.333333333333333
27135,0.625
27137,0.619535549689024
27139,0.59705656692474
27141,0.667936663287777
27143,0.75
27145,0.633820351404679
27147,0.327102803738318
27151,0.5
27153,0.674698795180723
27157,0.624247290244882
27159,0.515151515151515
27161,0.19047619047619
27163,0.547254978715076
27165,0.45903165735568
27167,0.333333333333333
27169,0.617615964054447
27171,0.550290556900726
27173,0.428571428571429
28001,0.468000388462659
28003,0.439393939393939
28005,0
28007,0.285714285714286
28009,0.379310344827586
28011,0.122448979591837
28013,0.363636363636364
28015,1
28017,0.4
28019,0.5
28021,0.75
28023,0.625
28025,0.421052631578947
28027,0.28125
28029,0.501311680199875
28031,0.537840845854201
28033,0.581269153442252
28035,0.505739993794601
28037,0
28039,0.550733496332518
28041,0.361111111111111
28043,0.354838709677419
28045,0.443478260869565
28047,0.508433869526363
28049,0.447394522011139
28051,0
28053,0.666666666666667
28055,0.4
28057,0.481012658227848
28059,0.572830153165659
28061,0.5
28063,0.416666666666667
28065,0.333333333333333
28067,0.434422609847648
28069,0.420512820512821
28071,0.414407931558327
28073,0.509560592630113
28075,0.49399828522435
28077,0.285714285714286
28079,0.321428571428571
28081,0.520957274202271
28083,0.411764705882353
28085,0.454545454545455
28087,0.518523039365273
28089,0.387856341952363
28091,0.450549450549451
28093,0.490885072655218
28095,0.451219512195122
28097,0.6
28099,0.65
28101,0.529411764705882
28103,0.428571428571429
28105,0.447368421052632
28107,0.429824561403509
28109,0.514755451606246
28111,0.489795918367347
28113,0.351351351351351
28115,0.420289855072464
28117,0.480392156862745
28119,1
28121,0.567775467775468
28123,0.392
28127,0.25
28129,0.5
28131,0.447368421052632
28133,0.3125
28137,0.537305831423478
28139,0.471782573940847
28141,0.375
28143,0.332185886402754
28145,0.376811594202899
28147,0.4
28149,0.539767252242236
28151,0.463896256999705
28153,0.49042482940788
28157,1
28159,0.55
28161,0.419047619047619
28163,0.206896551724138
29001,0.5
29003,0.4
29005,0.666666666666667
29007,0.310344827586207
29009,0.434782608695652
29011,0.5
29013,0.48320738874895
29015,0.333333333333333
29017,0.59375
29019,0.521230810187239
29021,0.327272727272727
29023,0.388888888888889
29025,0.166666666666667
29027,0.290322580645161
29029,0.439393939393939
29031,0.602793443778639
29033,0.272727272727273
29037,0.627539298669891
29039,0.375
29041,0.333333333333333
29043,0.555841647891857
29047,0.480197842371241
29049,0.378378378378378
29051,0.422702748629933
29053,0.3125
29055,0.611111111111111
29057,0.5
29059,0.305555555555556
29061,0.125
29063,0.4
29065,0.411764705882353
29067,0
29069,0.491719017704169
29071,0.626395849819748
29073,0.566666666666667
29075,0.5
29077,0.571302528137549
29079,0.285714285714286
29083,0.5
29087,0.333333333333333
29089,0.222222222222222
29091,0.46875
29093,0.5
29095,0.581429025026219
29097,0.525137152621639
29099,0.638053494192018
29101,0.483516483516484
29105,0.386363636363636
29107,0.395833333333333
29109,0.480392156862745
29113,0.61027926322044
29115,0.285714285714286
29117,0.357142857142857
29119,0.333333333333333
29121,0.454545454545455
29123,0.58
29125,0.375
29127,0.4
29131,0.4
29133,0.333333333333333
29135,0.384615384615385
29137,1
29139,0.285714285714286
29141,0.428571428571429
29143,0
29145,0.412087912087912
29147,0.36
29149,0
29151,1
29155,0.25
29157,0.517241379310345
29159,0.35
29161,0.456521739130435
29163,0.5
29165,0.453106852497096
29167,0.538461538461538
29169,0.410053554040896
29171,0.5
29175,0.548599892299408
29177,0.1875
29179,0.75
29181,0.666666666666667
29183,0.664124221208812
29185,0.4
29186,0.567567567567568
29187,0.476463030019858
29189,0.612473296078597
29195,0.24
29199,0
29201,0.338235294117647
29203,1
29205,0.6
29207,0.452054794520548
29209,0.469387755102041
29211,0.333333333333333
29213,0.419222775083454
29215,0.294117647058824
29217,0.463414634146341
29219,0.435185185185185
29221,0.461538461538462
29225,0.491329479768786
29229,0.428571428571429
29510,0.446195432110925
30001,0.454545454545455
30003,0.416666666666667
30005,0
30007,0.428571428571429
30009,0.5
30013,0.482594325449629
30017,0.19047619047619
30021,0.210526315789474
30023,0.333333333333333
30027,0.214285714285714
30029,0.355770307078094
30031,0.387105414195523
30035,0.363636363636364
30039,0.285714285714286
30041,0.428571428571429
30043,0.476190476190476
30047,0.241758241758242
30049,0.394422310756972
30053,0.260869565217391
30057,0
30059,0.5
30061,0.25
30063,0.445002493410273
30065,0.25
30067,0.311111111111111
30071,0
30073,0
30077,0.25
30081,0.387959866220736
30085,0.333333333333333
30089,0.166666666666667
30093,0.365853658536585
30095,0.12
30097,0.25
30099,0.4
30101,0.166666666666667
30105,0.333333333333333
30111,0.499463742421258
31001,0.43010752688172
31007,0
31013,0.586484929928969
31017,0.49928469241774
31019,0.382978723404255
31021,0.5
31023,0.5
31025,0.591625811580761
31029,0.565656565656566
31033,0.545337620578778
31035,0.5
31037,0.307692307692308
31039,0.111111111111111
31041,0.534237288135593
31043,0.375
31045,0.375
31047,0.342857142857143
31049,0
31053,0.436241610738255
31055,0.564564447729837
31057,0.166666666666667
31059,0.461538461538462
31063,0.564387917329094
31065,0.4
31067,0.382978723404255
31069,0.666666666666667
31073,1
31079,0.51763004038334
31081,0.444444444444444
31083,0.548466257668712
31085,0.234042553191489
31087,0.476785714285714
31093,0.666666666666667
31095,0
31097,0.458474576271186
31099,0.5
31101,0.153846153846154
31105,0.333333333333333
31109,0.577830756634398
31111,0.355555555555556
31119,0.230769230769231
31121,0.454545454545455
31123,0.5
31127,0.428571428571429
31129,0
31131,0.28125
31133,1
31135,1
31137,0.461538461538462
31141,0.423076923076923
31143,0.590493601462523
31145,0.572874493927126
31147,0.571817562968005
31149,0.333333333333333
31151,0.527172413793103
31153,0.620191050779286
31155,0.616410256410256
31157,0.519845451352301
31159,0.603916614024005
31161,0
31163,0.53615127919911
31165,0.318181818181818
31167,0.363636363636364
31169,0.509523809523809
31171,0
31175,0.4
31177,0.660487038491752
31179,0.5
31181,0.4
31185,0.603118712273642
32001,0.592813520806704
32003,0.370261366364882
32005,0.532910607209318
32007,0.483356449375867
32011,0.206896551724138
32013,0.443959243085881
32015,0.456859971711457
32017,0
32019,0.508762220992437
32021,0.372881355932203
32023,0.467107918314634
32027,0.483108108108108
32029,0.494347379239466
32031,0.477908118856157
32033,0.495607613469985
32510,0.552594949294094
33001,0.381564641928622
33003,0.261248383363964
33005,0.52587372766745
33007,0.528491941673062
33009,0.437311563616123
33011,0.560381960662204
33013,0.553461941079707
33015,0.501043550855712
33017,0.44183126315075
33019,0.508103653511583
34001,0.482413705690988
34003,0.616983192518331
34005,0.656875767344682
34007,0.602329247411192
34009,0.439933259176863
34011,0.576798997520463
34013,0.50409102788332
34015,0.630872779920646
34017,0.305358102861239
34019,0.562803655003343
34021,0.550553887970903
34023,0.594708240449288
34025,0.596661224410932
34027,0.647204446728012
34029,0.60876393060869
34031,0.543450709223454
34033,0.655323183901385
34035,0.553405679075335
34037,0.635344460364791
34039,0.514262178576043
34041,0.656519258202568
35001,0.370035095830531
35005,0.418462744219896
35006,0.142857142857143
35007,0.420918367346939
35009,0.407185628742515
35013,0.358464223385689
35015,0.401425688152188
35017,0.388807309512155
35023,0.4
35025,0.322798099237485
35027,0.1
35028,0.310679611650485
35029,0.169491525423729
35031,0.5
35035,0.412900782630649
35037,0.291666666666667
35039,0.230263157894737
35041,0.087378640776699
35043,0.434408181239908
35045,0.416101509516517
35047,0.107142857142857
35049,0.435362205748472
35051,0.184210526315789
35053,0.291666666666667
35055,0.324143692564745
35057,0.277777777777778
35059,1
35061,0.396652177933968
36001,0.395787099356059
36003,0.547552229497973
36005,0.31518138233297
36007,0.579972628548069
36009,0.601928258672954
36011,0.536410256410256
36013,0.599247389538216
36015,0.653494533378111
36017,0.44099080554412
36019,0.617016433741521
36021,0.367719072164948
36023,0.527476935419174
36025,0.387489472475308
36027,0.493160392280924
36029,0.579678911991109
36031,0.327055414704817
36033,0.469339235940318
36035,0.544154264867682
36037,0.592718474566507
36039,0.217078537576168
36041,0.185611510791367
36043,0.539436466492602
36045,0.520568374829115
36047,0.369451301674402
36049,0.497310655618549
36051,0.595377986682335
36053,0.469215086646279
36055,0.643803819140001
36057,0.524105979441147
36059,0.573662515775733
36061,0.235004630242096
36063,0.60131706138231
36065,0.52126923197936
36067,0.558703890669125
36069,0.598184395451941
36071,0.429778545625883
36073,0.594212484497726
36075,0.544300876788186
36077,0.431046133054856
36079,0.487252217005738
36081,0.437588172611498
36083,0.555062563091298
36085,0.4650101376127
36087,0.520018283993439
36089,0.546829825858939
36091,0.525138417574567
36093,0.2199810626913
36095,0.365213473020164
36097,0.557390318925045
36099,0.630824372759857
36101,0.576071534628964
36103,0.525067654346311
36105,0.303132446097518
36107,0.562955059000753
36109,0.297009281540048
36111,0.364102049015669
36113,0.468080094228504
36115,0.428145012482362
36117,0.604609805425762
36119,0.55469337757287
36121,0.591406979706207
36123,0.576577732170344
37001,0.558650123196058
37003,0.632571233577888
37005,0.458333333333333
37007,0.459134615384615
37009,0.514285714285714
37011,0.384873060648801
37013,0.376
37015,0.521739130434783
37017,0.492566897918731
37019,0.502033286385908
37021,0.532127827459232
37023,0.582881704354326
37025,0.577521593879282
37027,0.616248821866164
37029,0.457142857142857
37031,0.480247324965752
37033,0.527472527472527
37035,0.619680524267868
37037,0.49847215377033
37039,0.521739130434783
37041,0.555555555555556
37043,0.529411764705882
37045,0.544694300859316
37047,0.398601398601399
37049,0.495675864035227
37051,0.413004978781702
37053,0.460406145911679
37055,0.406544408486156
37057,0.504519597911634
37059,0.661576678600131
37061,0.480654977539487
37063,0.555446323240267
37065,0.519936890418818
37067,0.525841648451147
37069,0.506137865911237
37071,0.584209314816236
37073,0.5
37075,0.358215179316097
37077,0.458947871260524
37079,0.465753424657534
37081,0.502353147418955
37083,0.464566929133858
37085,0.455943381051954
37087,0.572478991596639
37089,0.555320039046158
37091,0.5
37093,0.291793313069909
37095,0.5
37097,0.486946285150094
37099,0.422636103151862
37101,0.494642291422076
37103,0.401436265709156
37105,0.484232740428098
37107,0.477235390753344
37109,0.638662837083134
37111,0.535677352637022
37113,0.471188098065237
37115,0.501860622462788
37117,0.4375
37119,0.392234837093619
37121,0.443037974683544
37123,0.547169811320755
37125,0.527263969171484
37127,0.59386456387909
37129,0.476871986549764
37131,0.166666666666667
37133,0.450363714163457
37135,0.551498024582967
37137,0.5
37139,0.305785123966942
37141,0.487586397567045
37143,0.538461538461538
37145,0.570159857904085
37147,0.382337544099238
37149,0.527560366361365
37151,0.589514239365537
37153,0.547184300341297
37155,0.489244277202885
37157,0.626559978925878
37159,0.542025219391667
37161,0.524534099920698
37163,0.497560975609756
37165,0.542992162286768
37167,0.569087757995904
37169,0.624590506726145
37171,0.416666666666667
37173,0.448275862068966
37175,0.460369163952226
37177,1
37179,0.614564499033606
37181,0.399014778325123
37183,0.595465385274462
37185,0.409090909090909
37187,0.525437636761488
37189,0.417026526835287
37191,0.322758620689655
37193,0.558974358974359
37195,0.407407407407407
37197,0.627154994638291
37199,0.485578554462165
38003,0.6
38013,0
38017,0.491741951902278
38029,0
38035,0.5
38043,0.5625
38061,0.253846153846154
38073,0.534715025906736
38077,0.428571428571429
38081,0
38101,0.0909090909090909
38105,0
39001,0.52545436288784
39003,0.637698898408813
39005,0.596001564180272
39007,0.627974574376338
39009,0.351303665947853
39011,0.612715616945344
39013,0.632985161608464
39015,0.630941568271269
39017,0.648594831484122
39019,0.613668859022019
39021,0.657689912826899
39023,0.642305020948625
39025,0.666167690135574
39027,0.526859952281108
39029,0.550388006123634
39031,0.440191387559809
39033,0.445385266723116
39035,0.559198556499511
39037,0.666343179474738
39039,0.648619298789947
39041,0.576215156649723
39043,0.633310195896961
39045,0.647346155523573
39047,0.468196037539103
39049,0.533386403260437
39051,0.559570020901762
39053,0.575757575757576
39055,0.63379057187017
39057,0.626200655687417
39059,0.373493975903614
39061,0.541222236644194
39063,0.604086845466156
39065,0.434666666666667
39067,0.514563106796116
39069,0.271028037383178
39071,0.383928571428571
39073,0.451680672268908
39075,0.482587064676617
39077,0.627006280530356
39079,0.392045454545455
39081,0.62822335987865
39083,0.626440266828381
39085,0.644703971252415
39087,0.59020618556701
39089,0.618991814485342
39091,0.398648648648649
39093,0.6191107628634
39095,0.552462268830157
39097,0.671336206896552
39099,0.532560859447533
39101,0.636229469174006
39103,0.65120356814545
39105,0.42
39107,0.654998339422119
39109,0.627824430785213
39111,0.416666666666667
39113,0.567477241270663
39115,0.55048439181916
39117,0.64170631939227
39119,0.658189379398592
39121,0.527777777777778
39123,0.456885456885457
39125,0.600635112656888
39127,0.450381679389313
39129,0.653323540213
39131,0.414285714285714
39133,0.675401429719923
39135,0.647083537567397
39137,0.395104895104895
39139,0.638417939261936
39141,0.541118286601815
39143,0.638052974622105
39145,0.565064325452017
39147,0.629421673217294
39149,0.660234038185178
39151,0.623501939365155
39153,0.620495236464981
39155,0.603809438976232
39157,0.646382949180783
39159,0.666920821114369
39161,0.44988864142539
39163,0.7
39165,0.548390227669782
39167,0.628501628664495
39169,0.601398931896592
39171,0.592376344982901
39173,0.582987072945522
39175,0.467018469656992
40001,0.439189189189189
40003,0.666666666666667
40005,0
40009,0.443426943426943
40011,0.34375
40013,0.35
40015,0.334338358458961
40017,0.584243557217252
40019,0.32258064516129
40021,0.494753998166446
40023,0.411764705882353
40027,0.545360402976297
40031,0.510134794446872
40033,0.526315789473684
40035,0.517889788456516
40037,0.440021357380161
40039,0.456826956826957
40041,0.481821612781482
40043,0.4
40045,0
40047,0.524617817606748
40049,0.422317018410418
40051,0.516261471582676
40053,0
40055,0
40061,0.209876543209877
40063,0.456310679611651
40065,0.484406779661017
40067,0.666666666666667
40069,0.2
40071,0.559094774020538
40073,0.372881355932203
40075,0
40077,0.555555555555556
40079,0.482537960954447
40081,0.416974888066965
40083,0.56243747915972
40085,0
40087,0.52312832828652
40089,0.272727272727273
40091,0.429176755447942
40093,0.230769230769231
40095,0.28
40097,0.520764119601329
40099,0.440621531631521
40101,0.544998117233589
40103,0.407407407407407
40105,0.433333333333333
40107,0.25
40109,0.525062679658729
40111,0.498935037273695
40113,0.434864457831325
40115,0.536593989393047
40117,0.422859626249457
40119,0.51410792833387
40121,0.440677966101695
40123,0.480841181782996
40125,0.522867542332648
40127,0
40129,0.555555555555556
40131,0.49852404256972
40133,0.380952380952381
40135,0.451881014873141
40137,0.343589743589744
40139,0.2
40141,0.333333333333333
40143,0.47085748950456
40145,0.442834458118301
40147,0.47547191796784
40149,0.454545454545455
40151,0.5
40153,0.514398513701811
41001,0.469748065859948
41003,0.518790652854734
41005,0.568089223874516
41007,0.504087420754087
41009,0.61033026379561
41011,0.548425773791021
41013,0.512376862844153
41015,0.317829457364341
41017,0.48785891527827
41019,0.578736721735729
41021,0.451851851851852
41023,0.471186440677966
41025,0.468974526453299
41027,0.484600262123198
41029,0.535466666666667
41031,0.456287425149701
41033,0.503245749613601
41035,0.527704607421785
41037,0.483307652799178
41039,0.545596358898126
41041,0.448999376774462
41043,0.548406879082789
41045,0.490898617511521
41047,0.526583052202226
41049,0.418814432989691
41051,0.484638180840712
41053,0.585866295514749
41057,0.534170153417015
41059,0.527410119215244
41061,0.522871116225547
41063,0.526992287917738
41065,0.514995607980926
41067,0.561314883474576
41069,0.432258064516129
41071,0.543521861211392
42001,0.621913950143816
42003,0.616670211428958
42005,0.514673814283118
42007,0.639611127341189
42009,0.61720487501112
42011,0.612317645260185
42013,0.529241877256318
42015,0.380635400907716
42017,0.676667371668223
42019,0.636995416235398
42021,0.629038700514823
42025,0.579200864992382
42027,0.573277021574219
42029,0.624114125522355
42031,0.5
42033,0.214659685863874
42035,0.425
42037,0.606438529784537
42039,0.408839779005525
42041,0.652309829802015
42043,0.609773028721598
42045,0.601043632075472
42047,0.359375
42049,0.640724671669794
42051,0.573954859225937
42053,0
42055,0.631396186857105
42057,0.560975609756098
42059,0.405405405405405
42061,0.50996705107084
42063,0.398950131233596
42065,0.569444444444444
42067,0.475409836065574
42069,0.472264558891291
42071,0.64314389143726
42073,0.613527201437674
42075,0.56853188217201
42077,0.518853992320567
42079,0.577740798747063
42081,0.566426031677621
42083,0.290322580645161
42085,0.38474870017331
42087,0.352617079889807
42089,0.372972525653757
42091,0.571394585527536
42093,0.25
42095,0.557573764230316
42097,0.340909090909091
42099,0.621804763502181
42101,0.396085884415467
42103,0.369385118188037
42105,0.692307692307692
42107,0.587684915918574
42109,0.3
42111,0.624273376515529
42113,0.384615384615385
42115,0.25
42117,0.298245614035088
42119,0.316455696202532
42121,0.589947801754292
42123,0.552699619771863
42125,0.652593379359179
42127,0.36132543812429
42129,0.601600985221675
42131,0.399798336274263
42133,0.648293465100298
44001,0.653443901231512
44003,0.665207568483479
44005,0.56215884279476
44007,0.559888984422416
44009,0.574425002751183
45001,0.473053892215569
45003,0.54182860213128
45005,0
45007,0.608603579930133
45009,0.45078140856505
45011,0.462241069972272
45013,0.459787606564888
45015,0.504457418218886
45017,0.427534729421522
45019,0.451419605896484
45021,0.566118809754002
45023,0.518776971811588
45025,0.422413793103448
45027,0.489319712096587
45029,0.409437977218676
45031,0.578308141076638
45033,0.47017310252996
45035,0.551196172248804
45037,0.555227710070558
45039,0.437042459736457
45041,0.586758779504894
45043,0.407748451158449
45045,0.586641074856046
45047,0.541236403689935
45049,0.327272727272727
45051,0.432399811079819
45053,0.321243523316062
45055,0.443517329910141
45057,0.559162467283878
45059,0.551099554889604
45061,0.473294346978557
45063,0.57997846105444
45065,0.446153846153846
45067,0.505295315682281
45069,0.25
45071,0.484483718341219
45073,0.60105056980057
45075,0.415134343317528
45077,0.57113119548892
45079,0.445476571510313
45081,0.53576017130621
45083,0.513958777102049
45085,0.463718708007764
45087,0.39766081871345
45089,0.420240461989965
45091,0.619518221124151
46011,0.333333333333333
46013,0.25
46029,0.111111111111111
46067,0.5
46079,0.25
46083,0.317307692307692
46087,0
46099,0.475921556492477
46103,0.5
46115,1
46125,0.666666666666667
46127,0.5
47001,0.58217907227616
47003,0.519480519480519
47005,0.556133828996282
47007,0.517777777777778
47009,0.568231859084817
47011,0.579922257900963
47013,0.515350694733339
47015,0.448140900195695
47017,0.575603126061842
47019,0.556776335647449
47021,0.488995001119152
47023,0.563275862068966
47025,0.510629640931747
47027,0.492562929061785
47029,0.527790168614506
47031,0.566478454680535
47033,0.486243683323975
47035,0.564062126642772
47037,0.470102671084387
47039,0.535443037974684
47041,0.405942334739803
47043,0.552286131016551
47045,0.569832885964153
47047,0.553003129054415
47049,0.463639861485187
47051,0.570328581230464
47053,0.552887653228864
47055,0.547680890538033
47057,0.525553012967201
47059,0.57870168397173
47061,0.419895678092399
47063,0.595341680814941
47065,0.544805523763064
47067,0.511278195488722
47069,0.51257737389701
47071,0.536322027930994
47073,0.570944430600548
47075,0.524243599689682
47077,0.565150176678445
47079,0.585345152772539
47081,0.520657841957481
47083,0.495419847328244
47085,0.522269180754226
47087,0.513885414060545
47089,0.556434920248387
47091,0.531850735016962
47093,0.547848770726129
47095,0.527185134205093
47097,0.548455804046858
47099,0.590179489206927
47101,0.572570572070947
47103,0.594647702816506
47105,0.559557244341649
47107,0.532993978521323
47109,0.554508435136707
47111,0.562697727926373
47113,0.568395985711856
47115,0.531257235471174
47117,0.430556914945679
47119,0.468708050647607
47121,0.563914373088685
47123,0.545029239766082
47125,0.478421290208624
47127,0.604651162790698
47129,0.522794759825328
47131,0.574936580416032
47133,0.505692739908325
47135,0.519882796149016
47137,0.515995872033024
47139,0.503123111021559
47141,0.484147952443857
47143,0.53760162601626
47145,0.587275875551584
47147,0.463077723638772
47149,0.54746096820617
47151,0.466735430634348
47153,0.47509936871639
47155,0.475778274418458
47157,0.495028417356895
47159,0.539452495974235
47161,0.522343382510156
47163,0.571565367271967
47165,0.582373866809471
47167,0.59447823045046
47169,0.576608187134503
47171,0.534186790805935
47173,0.50298531547523
47175,0.472067039106145
47177,0.416000620780632
47179,0.549643431096826
47181,0.56554142919772
47183,0.576096643232003
47185,0.446813211090246
47187,0.5796384693638
47189,0.58656184743889
48001,0.405045638945233
48003,0.316604587335817
48005,0.47229244412343
48007,0.369482702526841
48009,0.590800951625694
48013,0.400828586224754
48015,0.501197031362222
48017,0.281553398058252
48019,0.484489199285366
48021,0.402230742418961
48023,0.333333333333333
48025,0.435557658936741
48027,0.418816422418615
48029,0.434571190605434
48031,0.442739520958084
48033,1
48035,0.396046353101568
48037,0.467939766766049
48039,0.432979812278142
48041,0.416969893619487
48043,0.31570841889117
48047,0.25
48049,0.498440321786242
48051,0.369195046439628
48053,0.427919817548914
48055,0.420707732634338
48057,0.386422018348624
48059,0.52
48061,0.37474559297029
48063,0.439935501209352
48065,0.5140625
48067,0.424223341729639
48069,0.31586503948313
48071,0.317811787691306
48073,0.385565736641614
48075,0.5
48077,0.486187845303867
48081,0.325
48083,0.909090909090909
48085,0.498058692274146
48089,0.440306513409962
48091,0.452017876793855
48093,0.436797367699479
48097,0.424121844127333
48099,0.476303944929839
48103,0
48107,0.5
48109,0
48111,0.333333333333333
48113,0.451869401361757
48115,0.297381384495722
48117,0.32240775097918
48119,0.39833531510107
48121,0.502121418203595
48123,0.42811131151765
48127,0.226765799256506
48129,0
48131,0.358148893360161
48133,0.451452282157676
48135,0.410739876921348
48137,0
48139,0.420039538029341
48141,0.437499360044234
48143,0.432049886172424
48145,0.433559145388223
48147,0.458907480314961
48149,0.512096774193548
48151,0.5
48153,0
48157,0.47207666142107
48159,0.403576607056549
48161,0.303787683586704
48163,0.326923076923077
48165,0.296206896551724
48167,0.442278435857351
48169,0.166666666666667
48171,0.527527144823367
48175,0.411764705882353
48177,0.358016418160496
48179,0.444444444444444
48181,0.556230754557593
48183,0.512756889304063
48185,0.340688732865262
48187,0.367376230618392
48189,0.315789473684211
48193,0.491598448944421
48195,1
48197,0
48199,0.49716203543754
48201,0.435226860043734
48203,0.521949961310291
48205,0.333333333333333
48207,0.5
48209,0.403925784360567
48211,0.35964035964036
48213,0.452607029818424
48215,0.2858829278819
48217,0.381771595900439
48219,0.401106500691563
48221,0.494835938214057
48223,0.486342943854325
48225,0.42487655772396
48227,0.28125
48229,0.0927835051546392
48231,0.488138899726883
48233,0.436691312384473
48235,0
48237,0.467149508535954
48239,0.423648983639068
48241,0.382857142857143
48245,0.512278389244052
48247,0.111111111111111
48249,0.384894040934613
48251,0.497666919575114
48253,0.50388198757764
48255,0.455696202531646
48257,0.537802816901408
48259,0.512360502895889
48261,0
48265,0.465118850193477
48267,0.5
48271,0
48273,0.416933333333333
48275,0.6
48277,0.492488569562378
48279,0.386508273228681
48281,0.428735467202526
48283,0.333333333333333
48285,0.404255319148936
48287,0.39301717699776
48289,0.351279114165712
48291,0.321301910536552
48293,0.302106678619453
48295,0.5
48297,0.382387022016222
48299,0.365008576329331
48303,0.450611573645801
48305,0.338461538461538
48307,0.335472043996334
48309,0.531966763797929
48311,0
48313,0.306122448979592
48315,0.447191011235955
48319,0.333333333333333
48321,0.380403076107133
48323,0.13882375011725
48325,0.432078082890232
48329,0.448663243412647
48331,0.38592190509543
48333,0.666666666666667
48335,0
48337,0.439903069466882
48339,0.471995870834543
48341,0.374157488081539
48343,0.455414012738854
48347,0.451086956521739
48349,0.48020497561782
48351,0.361245067952652
48353,0.46487838145033
48355,0.486900170953763
48357,0.4
48361,0.538233568980953
48363,0.361030283435715
48365,0.27027027027027
48367,0.488356239692139
48369,0
48371,0.286233080224497
48373,0.39671682626539
48375,0.456598240469208
48379,0.400265957446808
48381,0.573354349974121
48385,0.292307692307692
48387,0.391517128874388
48389,0.6
48391,0.364996746909564
48393,1
48395,0.343884892086331
48397,0.556901157613535
48399,0.266666666666667
48401,0.461275173127438
48403,0.379236148466918
48405,0.411238825031928
48407,0.428095964498683
48409,0.453978936872936
48411,0.368421052631579
48413,0.25
48415,0.469323954669793
48417,1
48419,0.418941504178273
48423,0.517842916403396
48425,0.367577197149644
48427,0.0869565217391304
48429,0.486632947976879
48431,1
48433,0
48435,0.5
48437,0.444574780058651
48439,0.486117642486543
48441,0.533341778566
48443,0
48445,0.360983455882353
48447,0
48449,0.433493070845745
48451,0.377841828181524
48453,0.452972267217785
48455,0.332292750607007
48457,0.410091432441585
48459,0.371212121212121
48463,0.304853293965676
48465,0.249896600215072
48467,0.505611592555761
48469,0.496416593115622
48471,0.395616982284667
48473,0.398284946792024
48475,0.333333333333333
48477,0.487463662790698
48479,0.188089926205595
48481,0.412002633806791
48483,1
48485,0.505590094561413
48487,0.459118150684932
48489,0.32579185520362
48491,0.426083305584109
48493,0.465423465423465
48495,0.306071249372805
48497,0.490042892156863
48499,0.487874837027379
48501,0.333333333333333
48503,0.462300495321959
48505,0.118238021638331
48507,0.2
49001,0
49003,0.439509954058193
49005,0.419896640826873
49007,0.278481012658228
49011,0.631784177586544
49013,0.222222222222222
49019,0.4
49021,0.341609589041096
49023,0.351351351351351
49025,0.491685144124169
49027,0.454545454545455
49029,0.545454545454545
49033,0
49035,0.48888017325171
49037,0.666666666666667
49039,0.243243243243243
49041,0.297029702970297
49043,0.430396133597998
49045,0.583089784544281
49047,0.321428571428571
49049,0.530797969154134
49051,0.479505249532576
49053,0.475480305289938
49057,0.587561451424112
50001,0.445258904238323
50003,0.454358974358974
50005,0.413187407107148
50007,0.473917890366726
50009,0.415373244641537
50011,0.457171785352683
50013,0.389551757497581
50015,0.388973191704603
50017,0.427896300297056
50019,0.434339314845024
50021,0.43406565003877
50023,0.424307264362897
50025,0.396231375985977
50027,0.406808557443766
51001,0.3
51003,0.53445959562034
51005,0.609522313010685
51007,0.610797379715383
51009,0.468619246861925
51011,0.404255319148936
51013,0.452245285578619
51015,0.598155524766193
51017,0.428571428571429
51019,0.565841103750897
51021,0.451612903225806
51023,0.622137404580153
51025,0.5625
51027,0.173913043478261
51029,0.258333333333333
51031,0.506065768416705
51033,0.543867212761371
51035,0.555555555555556
51036,0.589868667917448
51037,0.72
51041,0.579654958035437
51043,0.605583070688879
51045,0.45997458703939
51047,0.583210189289987
51049,0.391111111111111
51051,0.8
51053,0.596511627906977
51057,0.55
51059,0.519418505280361
51061,0.625987456312539
51063,0.481481481481481
51065,0.457491582491583
51067,0.485867185599611
51069,0.604221028396009
51071,0.576012907852277
51073,0.569942395322844
51075,0.600404397826362
51077,0.441176470588235
51079,0.400900900900901
51081,0.551622418879056
51083,0.28125
51085,0.616991444186912
51087,0.517222746103559
51089,0.46066985645933
51093,0.648569270789628
51095,0.573606324751672
51097,0.406779661016949
51099,0.560072142064373
51101,0.544408210243622
51103,0.314285714285714
51105,0.326010544815466
51107,0.565221486202242
51109,0.539279869067103
51111,0.394736842105263
51113,0.482758620689655
51115,0.27027027027027
51117,0.277777777777778
51119,0.241379310344828
51121,0.538609091314627
51125,0.288343558282209
51127,0.543229777256741
51131,0.263157894736842
51133,0.428571428571429
51135,0.477777777777778
51137,0.574300008777319
51139,0.5814696485623
51141,0.3375
51143,0.358870967741935
51145,0.508256880733945
51147,0.367647058823529
51149,0.649279571093488
51153,0.524594080286018
51155,0.370689655172414
51157,0.524354087251165
51159,0.421052631578947
51161,0.617768348075544
51163,0.528571428571429
51165,0.437262357414449
51167,0.4
51169,0.365260471400691
51171,0.573639846743295
51173,0.583911081765159
51175,0.560398271651324
51177,0.610792907660126
51179,0.564863856769862
51181,0.573855243722304
51183,0.473684210526316
51185,0.514803625377643
51187,0.589083792403595
51191,0.577534386143658
51193,0.465168539325843
51195,0.452971177796228
51197,0.44
51199,0.593200896814224
51510,0.386334626454762
51515,0.641696113074205
51520,0.557497995188452
51530,0.382352941176471
51540,0.374053771861133
51550,0.629501374965444
51570,0.505612493899463
51580,0.527777777777778
51590,0.426980380587107
51595,0.32258064516129
51600,0.46211916958749
51610,0.378229245046401
51620,0.528988573846805
51630,0.478558558558559
51640,0.333333333333333
51650,0.48821087420902
51660,0.375
51670,0.505243764172336
51678,0.6
51680,0.51750305997552
51683,0.479533300923675
51685,0.430630190522716
51690,0.312820512820513
51700,0.457455466136179
51710,0.488152621567215
51720,0.692307692307692
51730,0.474155425570013
51735,0.66786398467433
51740,0.550330958150975
51750,0.224489795918367
51760,0.381953214831012
51770,0.504886104395792
51775,0.539200614911606
51790,0.43801652892562
51800,0.587330481478111
51810,0.456118122898494
51820,0.407960199004975
51830,0.2
51840,0.563742340457331
53001,0.37143541816439
53003,0.5937064021082
53005,0.525693934083329
53007,0.450844187168355
53009,0.375243664717349
53011,0.582923461234116
53013,0.573852922690132
53015,0.586279434850863
53017,0.407133734719942
53019,0.441446613088404
53021,0.412188796680498
53023,0.405247813411079
53025,0.438498789346247
53027,0.532063090029933
53029,0.363653591055524
53031,0.486843278922487
53033,0.4572409821402
53035,0.547043992229371
53037,0.481016091122763
53039,0.351351351351351
53041,0.526112541375506
53043,0.434526315789474
53045,0.504605548331166
53047,0.36222509702458
53049,0.454527081649151
53051,0.496279761904762
53053,0.473912670866007
53055,0.253183980359061
53057,0.372155866616224
53059,0.52062527138515
53061,0.448541022060367
53063,0.590187771765726
53065,0.43267249342713
53067,0.523256931430493
53069,0.493809176984705
53071,0.537109144542773
53073,0.350223324320691
53075,0.455494839101396
53077,0.463503936389208
54001,0.424528301886792
54003,0.411526055003159
54005,0.425321255529808
54007,0.375706214689266
54009,0.599804305283757
54011,0.522389722263478
54013,0.247933884297521
54015,0.327014218009479
54017,0.473029045643154
54019,0.436654982473711
54021,0.467567567567568
54023,0.483193277310924
54025,0.505222321695016
54027,0.42457231726283
54029,0.581952635027614
54031,0.424498416050686
54033,0.545156761815629
54035,0.451378446115288
54037,0.376174700831587
54039,0.439516053630533
54041,0.486924686192469
54043,0.439313984168865
54045,0.48314606741573
54047,0.496613995485327
54049,0.525288013726612
54051,0.577234596470929
54053,0.392102114080574
54055,0.497978514496939
54057,0.534935469514909
54059,0.450409463148317
54061,0.523055274931448
54063,0.418604651162791
54065,0.414432989690722
54067,0.480233602875112
54069,0.590178449802479
54071,0.166666666666667
54073,0.544985673352436
54075,0.426116838487972
54077,0.405300495248293
54079,0.480732460655979
54081,0.525692777656557
54083,0.492191435768262
54085,0.497354497354497
54087,0.424284395198523
54089,0.441860465116279
54091,0.499411071849234
54093,0.520833333333333
54095,0.555966697502313
54097,0.453546453546454
54099,0.531081316385165
54101,0.430488974113135
54103,0.636178031849735
54105,0.438775510204082
54107,0.553051643192488
54109,0.51622418879056
55001,0.484375
55003,0.404040404040404
55005,0.412621359223301
55007,0.379746835443038
55009,0.687240811225359
55011,0.646747192201738
55013,0.438461538461538
55015,0.706070889894419
55017,0.67169948610669
55019,0.402298850574713
55021,0.589078038092028
55023,0.454545454545455
55025,0.492876808110825
55027,0.686627060628713
55029,0.479820627802691
55031,0.613894173183964
55033,0.436997319034853
55035,0.656869349406134
55039,0.693873956388488
55041,0.5162224797219
55043,0.445344129554656
55045,0.653720024595204
55047,0.47972972972973
55049,0.532849503437739
55051,0.3
55053,0.564271907216495
55055,0.68549180005506
55057,0.448529411764706
55059,0.615090329436769
55061,0.703548153511948
55063,0.648318136073923
55065,0.409574468085106
55067,0.380530973451327
55069,0.399193548387097
55071,0.708941810829027
55073,0.685268622921574
55075,0.450244698205546
55077,0.625530273814115
55078,0.526315789473684
55079,0.596500243535147
55081,0.371069182389937
55083,0.637084944659288
55085,0.346354166666667
55087,0.707905853952927
55089,0.648224067247735
55091,0.619746233148295
55093,0.652221752010157
55095,0.482636428065202
55097,0.43646408839779
55099,0.395348837209302
55101,0.65359033966163
55103,0.547254725472547
55105,0.620814109242447
55107,0.575671277461351
55109,0.653980082178425
55111,0.358461538461538
55113,0.363636363636364
55115,0.655253837072019
55117,0.688592212714959
55119,0.65726584533175
55121,0.571428571428571
55123,0.535055350553506
55125,0.394736842105263
55127,0.564181350724274
55129,0.414965986394558
55131,0.714606205250597
55133,0.651993508206682
55135,0.488798370672098
55137,0.387622149837134
55139,0.685884691848907
55141,0.448387096774194
56001,0.450549450549451
56003,0.166666666666667
56005,0.349602122015915
56007,0.368548387096774
56009,0.212121212121212
56011,0.166666666666667
56013,0.16
56015,0.356702048876821
56017,0.407680168332457
56021,0.425431823894854
56023,0.367512142471668
56025,0.398580280806338
56027,0.3125
56029,0.434210526315789
56031,0.222222222222222
56033,0.3
56035,0.25
56037,0.304964539007092
56039,0.145342886386899
56041,0.16504854368932
56043,0.35
56045,0.166666666666667
,0.46415770609319
