geoid,rate
01001,26
01003,21.7
01005,25.3
01007,30.9
01009,32.9
01011,14.5
01013,22.4
01015,26.2
01017,22.2
01019,29.6
01021,29.5
01023,25.4
01025,22.2
01027,30.7
01029,33.7
01031,25.1
01033,25.9
01035,21.6
01037,26
01039,23.9
01041,26.9
01043,27
01045,21.2
01047,17.9
01049,31.5
01051,26.8
01053,20.5
01055,24.7
01057,25.4
01059,26.7
01061,25.4
01063,19.2
01065,24.1
01067,28
01069,18.3
01071,26.9
01073,19.9
01075,22.9
01077,27.9
01079,33
01081,23
01083,27.9
01085,23.4
01087,18.9
01089,23.3
01091,18.6
01093,27.4
01095,24.6
01097,20.5
01099,19.4
01101,19.1
01103,26.2
01105,22.3
01107,26.9
01109,21.8
01111,26.5
01113,24.2
01115,27.3
01117,26.5
01119,16
01121,25.1
01123,25
01125,20.4
01127,26.4
01129,29.8
01131,18.3
01133,28.3
02013,9.1
02016,12.6
02020,20.7
02050,4
02060,19.4
02068,38.8
02070,9.2
02090,23.2
02100,26.4
02105,10.4
02110,18.4
02122,24.4
02130,16.4
02150,18.4
02158,0.7
02164,7.3
02170,32.8
02180,3.8
02185,5
02188,1.8
02195,14.7
02198,14.8
02220,12.3
02230,18.5
02240,27.7
02261,16.4
02275,17.7
02282,14.4
02290,7.3
04001,19.3
04003,24.1
04005,23
04007,20.7
04009,25.8
04011,33.7
04012,14
04013,16.4
04015,20.5
04017,19.7
04019,16.2
04021,15.5
04023,25.1
04025,21.2
04027,18.7
05001,16.7
05003,21.4
05005,18.3
05007,23.3
05009,19
05011,20.4
05013,30.6
05015,22
05017,14.3
05019,20.5
05021,18.2
05023,22.1
05025,29.2
05027,23.1
05029,20.7
05031,18
05033,21.5
05035,18
05037,21.1
05039,19.3
05041,14.6
05043,19.1
05045,23.7
05047,22.4
05049,27.9
05051,17.4
05053,29
05055,20.7
05057,19.9
05059,26.3
05061,26.8
05063,22.4
05065,25
05067,17.3
05069,18.1
05071,19.8
05073,18.7
05075,23.2
05077,14.6
05079,22
05081,27.8
05083,28.1
05085,22.7
05087,30.7
05089,23.5
05091,17.9
05093,16.4
05095,11.7
05097,24.6
05099,22.4
05101,31.5
05103,20.8
05105,33.3
05107,14.1
05109,26.6
05111,18.1
05113,24.2
05115,22.4
05117,24.2
05119,16.2
05121,22.5
05123,15.1
05125,23.5
05127,27.5
05129,26.7
05131,17.5
05133,23.8
05135,20.9
05137,24.6
05139,21.4
05141,18.8
05143,20.4
05145,22.7
05147,13.2
05149,25.3
06001,20.6
06003,22.6
06005,27.8
06007,21.7
06009,31.7
06011,31.8
06013,25.9
06015,19.5
06017,30.8
06019,20.2
06021,26.8
06023,20
06025,22.9
06027,23.9
06029,23.2
06031,23.2
06033,23.3
06035,27.5
06037,20.1
06039,26.6
06041,19.8
06043,28.2
06045,22.6
06047,25.1
06049,29.6
06051,22.4
06053,25.3
06055,26.5
06057,28.7
06059,25
06061,25.6
06063,24.7
06065,26
06067,20
06069,38.8
06071,27
06073,22.3
06075,7.2
06077,26.1
06079,25.4
06081,24.3
06083,24.2
06085,25.3
06087,26.8
06089,23.2
06091,20.7
06093,26.5
06095,28.4
06097,24.8
06099,24.2
06101,25.5
06103,23.2
06105,30.3
06107,22.9
06109,27.1
06111,29.1
06113,21.9
06115,24.3
08001,26.3
08003,22.6
08005,20.5
08007,25
08009,30.7
08011,32.5
08013,21.1
08014,23.5
08015,26.3
08017,34.1
08019,29.1
08021,37.1
08023,25.3
08025,33.1
08027,25.1
08029,31.4
08031,12.5
08033,39.9
08035,27.6
08037,27.1
08039,49.6
08041,22.8
08043,25.6
08045,26.9
08047,25.7
08049,24
08051,25.4
08053,36
08055,28.3
08057,35.6
08059,25.5
08061,38.3
08063,31.5
08065,29.2
08067,27.3
08069,26.1
08071,27.8
08073,32.2
08075,23.4
08077,25.9
08079,20.4
08081,31.7
08083,27.4
08085,26.1
08087,29.1
08089,25.4
08091,24.6
08093,32.1
08095,33.7
08097,17.9
08099,26.7
08101,22.8
08103,34.5
08105,29.6
08107,22.7
08109,29.4
08111,27.3
08113,18.2
08115,31.5
08117,19.2
08119,33.2
08121,39.4
08123,29.9
08125,20.4
09001,21.5
09003,17.4
09005,24.8
09007,24
09009,18.2
09011,21.3
09013,26
09015,23.9
10001,22.6
10003,19.1
10005,20.5
11001,3.8
12001,14.5
12003,25.2
12005,16.2
12007,20.6
12009,13.9
12011,13.6
12013,18.8
12015,10.5
12017,12.4
12019,21
12021,11.7
12023,17.2
12027,12.8
12029,16.5
12031,13.8
12033,14
12035,12.3
12037,17.1
12039,17.7
12041,20.7
12043,11.8
12045,18.6
12047,20.2
12049,16.7
12051,18.5
12053,13.3
12055,10.2
12057,13.8
12059,17.9
12061,10.5
12063,19.8
12065,25.2
12067,19.9
12069,14.4
12071,11
12073,16.3
12075,15.4
12077,25.6
12079,24.1
12081,12.1
12083,12.3
12085,12.4
12086,14.1
12087,12
12089,21.8
12091,18.7
12093,14.4
12095,14.2
12097,15.6
12099,12.2
12101,13.1
12103,9.8
12105,13.7
12107,16
12109,15.9
12111,12.7
12113,22.8
12115,10.8
12117,17
12119,5.8
12121,19.3
12123,16.7
12125,19
12127,13.2
12129,24.1
12131,15.5
12133,21.8
13001,24.8
13003,24.1
13005,21.9
13007,27
13009,17.1
13011,29.6
13013,28.3
13015,25.2
13017,15.4
13019,18.8
13021,15.6
13023,23.7
13025,25.8
13027,22.5
13029,28.4
13031,24.2
13033,25
13035,27.8
13037,21
13039,25.3
13043,15.9
13045,25.5
13047,23.2
13049,25.1
13051,15.4
13053,14.4
13055,28.1
13057,24.3
13059,14.6
13061,17.6
13063,17.3
13065,19
13067,19.6
13069,18.8
13071,19.1
13073,26.9
13075,20.2
13077,26.8
13079,28.1
13081,17.7
13083,29.8
13085,28.7
13087,16.7
13089,13.2
13091,23.2
13093,16.6
13095,13.6
13097,24.5
13099,21.5
13101,22.4
13103,31.9
13105,23.6
13107,22.4
13109,20.9
13111,27.9
13113,32.2
13115,22.6
13117,25.1
13119,27.2
13121,12.4
13123,27.5
13125,34.6
13127,17
13129,23.7
13131,25
13133,21.3
13135,22.4
13137,26.7
13139,26.1
13141,21.3
13143,29.7
13145,34.4
13147,27.8
13149,28.1
13151,27
13153,22.4
13155,17
13157,30.7
13159,24.2
13161,22.9
13163,17
13165,13.3
13167,24.7
13169,29.1
13171,26.2
13173,15.6
13175,17.6
13177,27.9
13179,19.6
13181,23.9
13183,27.7
13185,19.6
13187,23.5
13189,24.4
13191,18.5
13193,22.1
13195,32.3
13197,23.3
13199,25.2
13201,20.9
13205,17
13207,28.4
13209,23.9
13211,31.6
13213,23.9
13215,14.6
13217,26.8
13219,33.3
13221,34.4
13223,26.9
13225,24.1
13227,28.3
13229,20.2
13231,39.8
13233,25.5
13235,19.6
13237,28.9
13239,20.4
13241,22
13243,18.4
13245,16.5
13247,20.4
13249,26.5
13251,26.2
13253,21.4
13255,20.8
13257,28.5
13259,14.6
13261,19.5
13263,28.4
13265,18.4
13267,27.1
13269,20.8
13271,15.7
13273,18.4
13275,17.7
13277,16.1
13279,21.8
13281,20.8
13283,25.8
13285,22.2
13287,15.2
13289,18.7
13291,24.6
13293,23.7
13295,24.7
13297,28
13299,18.3
13301,23.3
13303,20.6
13305,20.3
13307,26.8
13309,13.1
13311,27.2
13313,24.5
13315,19.9
13317,22.7
13319,21.2
13321,23.4
15001,20.1
15003,20.2
15005,5.6
15007,26.6
15009,24
16001,22.3
16003,30.7
16005,29.2
16007,46.6
16009,27.7
16011,38.2
16013,25.3
16015,26.9
16017,29.3
16019,29.2
16021,27.5
16023,43.3
16025,36.3
16027,27.6
16029,37.2
16031,37.8
16033,27.7
16035,30.4
16037,39.6
16039,27.7
16041,42.1
16043,36.8
16045,32.3
16047,38.1
16049,32.9
16051,36.8
16053,32.4
16055,29.2
16057,27.1
16059,29.2
16061,32
16063,38.9
16065,24.4
16067,35
16069,28.5
16071,42.5
16073,36.7
16075,33.1
16077,29.5
16079,27.4
16081,33.3
16083,27.6
16085,28.1
16087,31.2
17001,19.3
17003,17.7
17005,25
17007,28.4
17009,19.6
17011,22.2
17013,30.2
17015,23.5
17017,23.3
17019,14
17021,22.6
17023,27.6
17025,23.6
17027,28.3
17029,16.2
17031,11.1
17033,24.6
17035,29.5
17037,20.3
17039,23.6
17041,22.9
17043,19.7
17045,23.2
17047,24.1
17049,25.1
17051,24.8
17053,23.7
17055,20.8
17057,22.5
17059,27.8
17061,23.6
17063,25.8
17065,29.8
17067,26.7
17069,23.4
17071,29.7
17073,25.7
17075,24.6
17077,17.3
17079,35.2
17081,22.1
17083,25.8
17085,24.2
17087,24.6
17089,24
17091,19
17093,25.9
17095,15.7
17097,22.4
17099,20.4
17101,21.2
17103,22.7
17105,21.7
17107,18.6
17109,16.3
17111,26.6
17113,17.8
17115,16.8
17117,26.5
17119,20.4
17121,22.1
17123,25.2
17125,21.6
17127,21.1
17129,27.5
17131,26
17133,32.7
17135,23.6
17137,20.8
17139,19.2
17141,24.4
17143,15.6
17145,23.7
17147,27.5
17149,24.8
17151,22.3
17153,18.4
17155,26.7
17157,24.7
17159,20.2
17161,16.8
17163,18.8
17165,19.8
17167,17.1
17169,27.3
17171,28.9
17173,24.2
17175,27.9
17177,18.8
17179,20.5
17181,25.3
17183,17.4
17185,19.9
17187,18.9
17189,27.9
17191,25.9
17193,21
17195,21.3
17197,25.1
17199,19.2
17201,18.1
17203,26.8
18001,24.4
18003,19.2
18005,23.8
18007,23.1
18009,24.9
18011,25.3
18013,31.9
18015,28.8
18017,22.2
18019,21.4
18021,30.5
18023,24.9
18025,31.7
18027,27.4
18029,33.3
18031,29
18033,25.6
18035,21.1
18037,29.1
18039,19.7
18041,21.7
18043,24.6
18045,27.5
18047,35.4
18049,26.3
18051,30.4
18053,20.2
18055,30.9
18057,20.8
18059,25.9
18061,35.1
18063,26.4
18065,24.4
18067,19.2
18069,22.6
18071,28.1
18073,32.3
18075,27.9
18077,23.1
18079,29.6
18081,23.3
18083,23.5
18085,23.5
18087,20.4
18089,18.6
18091,21.3
18093,26.8
18095,20.5
18097,14.4
18099,25.9
18101,31.2
18103,24.6
18105,17.7
18107,22.8
18109,28.3
18111,30.7
18113,27.1
18115,33.6
18117,24.8
18119,30.8
18121,21.7
18123,33.1
18125,32.9
18127,24.1
18129,31.5
18131,24.9
18133,29.2
18135,22.7
18137,32.1
18139,26.3
18141,18.1
18143,27.8
18145,24.9
18147,34.4
18149,27.5
18151,25
18153,28.3
18155,26.2
18157,17.8
18159,26.6
18161,29.9
18163,17.5
18165,22.2
18167,18
18169,23
18171,31.3
18173,29
18175,31.7
18177,19.4
18179,29.9
18181,25
18183,29.2
19001,31.1
19003,36.8
19005,30.8
19007,25.6
19009,30.9
19011,37.1
19013,20.9
19015,31.4
19017,29
19019,33.1
19021,28.7
19023,38.6
19025,30
19027,25.9
19029,22.3
19031,31.1
19033,22.3
19035,27.3
19037,34.1
19039,27.3
19041,24.8
19043,27.4
19045,25.7
19047,30.2
19049,25.4
19051,33.3
19053,26.3
19055,35.4
19057,20.9
19059,22.2
19061,20.9
19063,29.7
19065,27.7
19067,28
19069,31.1
19071,33.9
19073,34.6
19075,29.5
19077,32.6
19079,28.3
19081,32.1
19083,26.8
19085,32.5
19087,26.9
19089,31.5
19091,24.7
19093,28.2
19095,35
19097,29
19099,28.8
19101,24.4
19103,17.7
19105,31.3
19107,29.6
19109,27.5
19111,25
19113,22.2
19115,34.4
19117,28.3
19119,34.9
19121,36.1
19123,27.4
19125,28.3
19127,24
19129,36.9
19131,32.1
19133,28.5
19135,31.6
19137,24.9
19139,24.7
19141,27.8
19143,30.5
19145,23.9
19147,24.1
19149,29.1
19151,32.2
19153,19.4
19155,22.5
19157,25.2
19159,29.8
19161,32.9
19163,20.5
19165,27.8
19167,29.8
19169,20.8
19171,30.9
19173,34.6
19175,25.9
19177,35.8
19179,24.6
19181,29.6
19183,28.8
19185,32
19187,23
19189,29.1
19191,28.9
19193,22.6
19195,33.1
19197,25.7
20001,24.7
20003,36.5
20005,26.2
20007,31.2
20009,26.2
20011,24.3
20013,29
20015,35
20017,34.4
20019,34.4
20021,26.4
20023,32.2
20025,29.7
20027,33
20029,24.3
20031,37.3
20033,36.2
20035,29.1
20037,23.2
20039,24
20041,28.9
20043,30.8
20045,23.2
20047,30.5
20049,33
20051,23.7
20053,26.6
20055,26.1
20057,24.8
20059,33.3
20061,16.8
20063,38.9
20065,29.5
20067,26.9
20069,33.4
20071,26.5
20073,34.2
20075,35
20077,30.2
20079,27.8
20081,31.6
20083,35.4
20085,37.3
20087,40.9
20089,31.1
20091,20.7
20093,35.7
20095,31.1
20097,32.2
20099,32.8
20101,32.7
20103,27.8
20105,35.5
20107,39.6
20109,33
20111,24.7
20113,29.9
20115,33.8
20117,29.8
20119,30.4
20121,38.1
20123,28.5
20125,25
20127,34.3
20129,27
20131,29.9
20133,28.4
20135,37.7
20137,39.1
20139,34.9
20141,31.6
20143,39.7
20145,17
20147,34.6
20149,31.6
20151,25.4
20153,32.6
20155,23.5
20157,26.3
20159,30.8
20161,20.7
20163,29
20165,33
20167,28.3
20169,23.8
20171,29
20173,21.3
20175,25.5
20177,21.2
20179,35.7
20181,19.5
20183,31.3
20185,32.4
20187,27.1
20189,29.5
20191,34.6
20193,36.2
20195,39.5
20197,37.1
20199,36.3
20201,32
20203,27.1
20205,26.5
20207,30.4
20209,19.2
21001,22.4
21003,28.1
21005,26.8
21007,23.4
21009,25.1
21011,20.9
21013,16.1
21015,22.7
21017,22.2
21019,20.3
21021,19.6
21023,29.1
21025,16.1
21027,32.9
21029,28.4
21031,28.8
21033,26.2
21035,20.9
21037,18.3
21039,28.1
21041,19.4
21043,25.7
21045,24.6
21047,16.1
21049,22.3
21051,15.1
21053,18.2
21055,26
21057,26.6
21059,22.3
21061,29.6
21063,22.5
21065,24.3
21067,14.8
21069,26.4
21071,19.2
21073,16.6
21075,17.3
21077,27.1
21079,29.1
21081,26.9
21083,24.7
21085,27.5
21087,27.6
21089,23.4
21091,31.1
21093,23.1
21095,19.2
21097,23.2
21099,24.1
21101,19.9
21103,31.5
21105,17.8
21107,22.6
21109,22.4
21111,15
21113,22.1
21115,19.1
21117,19.2
21119,20.8
21121,14.5
21123,29.7
21125,20.7
21127,21.7
21129,19.7
21131,22.6
21133,23.2
21135,22.7
21137,20.3
21139,31.7
21141,24.4
21143,25.1
21145,18
21147,16.8
21149,27.5
21151,20.7
21153,20.2
21155,23.9
21157,23.6
21159,20.8
21161,21.9
21163,29.6
21165,22.5
21167,24.4
21169,28.9
21171,26.2
21173,18.9
21175,22.5
21177,25.1
21179,27.8
21181,25.9
21183,27.7
21185,32.6
21187,22.2
21189,19.2
21191,31.3
21193,20.5
21195,19.6
21197,20.5
21199,20.7
21201,28.8
21203,24.5
21205,21.4
21207,23.7
21209,24.1
21211,28.7
21213,24.3
21215,40.9
21217,18.5
21219,24.5
21221,27
21223,29.5
21225,23.5
21227,20.5
21229,28.5
21231,22
21233,26.3
21235,19.8
21237,18.4
21239,24.2
22001,17.7
22003,16.5
22005,21.2
22007,19.1
22009,17.3
22011,23.4
22013,21.6
22015,18.5
22017,16.5
22019,17.8
22021,18.8
22023,27.6
22025,19.1
22027,19.4
22029,13.8
22031,23.1
22033,15.4
22035,9.6
22037,20.9
22039,14.3
22041,16.2
22043,18.9
22045,18.2
22047,19.9
22049,18.4
22051,13.8
22053,17.6
22055,15.2
22057,18.5
22059,21
22061,18.2
22063,21.9
22065,15.1
22067,15.9
22069,17.8
22071,8.2
22073,14.5
22075,20.9
22077,20.3
22079,15
22081,27.7
22083,18.8
22085,22.2
22087,13.5
22089,23.4
22091,17.4
22093,22.5
22095,20.8
22097,16.2
22099,18.1
22101,14.4
22103,20.8
22105,18.2
22107,7.9
22109,15.8
22111,22.6
22113,16.3
22115,18.1
22117,17.4
22119,19.6
22121,19.2
22123,17.3
22125,24.9
22127,19.7
23001,17.7
23003,16.7
23005,16.6
23007,21.1
23009,16.5
23011,18.5
23013,18.5
23015,19.5
23017,19.4
23019,17.9
23021,18.4
23023,18.8
23025,19.6
23027,19.7
23029,16
23031,21.2
24001,21.3
24003,25.5
24005,18.1
24009,38.2
24011,30.5
24013,34.3
24015,26.8
24017,31.6
24019,21.3
24021,29.1
24023,22.5
24025,25.8
24027,25
24029,20.7
24031,18.4
24033,20.3
24035,32.1
24037,31.6
24039,20.1
24041,21.7
24043,25
24045,22.2
24047,20.3
24510,6.4
25001,15.5
25003,12.9
25005,18.1
25007,18.3
25009,15.3
25011,18
25013,14.7
25015,17.1
25017,14.8
25019,15.6
25021,16.1
25023,20.5
25025,4.9
25027,17.9
26001,17.3
26003,18
26005,25
26007,15.8
26009,21.3
26011,19.6
26013,19.1
26015,27.4
26017,18.8
26019,21.6
26021,18.2
26023,19.1
26025,16.6
26027,23.9
26029,20.6
26031,17
26033,17.6
26035,17.9
26037,26.7
26039,20.1
26041,17.8
26043,17.5
26045,21.1
26047,19.7
26049,16.7
26051,18.9
26053,15.1
26055,19.8
26057,21.4
26059,21
26061,18.4
26063,20.2
26065,15.5
26067,26.1
26069,14.1
26071,17.4
26073,20
26075,19.6
26077,17.3
26079,22.7
26081,18.4
26083,17.6
26085,16.7
26087,29.2
26089,20.8
26091,22.8
26093,29.2
26095,14.5
26097,14.1
26099,19.1
26101,17.8
26103,20.4
26105,20
26107,19.5
26109,17.5
26111,22.1
26113,19.8
26115,24.1
26117,20.6
26119,18.1
26121,19.2
26123,24.5
26125,19.2
26127,23.7
26129,21.2
26131,18.8
26133,20
26135,17.6
26137,19.4
26139,24.2
26141,19.2
26143,14.4
26145,18.5
26147,22.4
26149,19.1
26151,20.9
26153,15.7
26155,24.7
26157,24.6
26159,21.9
26161,17.4
26163,13.4
26165,18.7
27001,25.6
27003,26.7
27005,28
27007,23.5
27009,25.2
27011,25.2
27013,24.1
27015,27.7
27017,25.6
27019,25.3
27021,24.4
27023,28.7
27025,34.3
27027,21.5
27029,32.5
27031,24.5
27033,25.8
27035,24.1
27037,21.3
27039,34.6
27041,26.6
27043,25.9
27045,28.6
27047,24
27049,28
27051,33
27053,15
27055,26
27057,29.9
27059,33.3
27061,27
27063,29.2
27065,31.3
27067,23.9
27069,28
27071,19.5
27073,32.5
27075,26.1
27077,27.4
27079,32.5
27081,33.3
27083,24.3
27085,25.8
27087,25.8
27089,31.9
27091,23.1
27093,31.4
27095,30.5
27097,32.3
27099,25.6
27101,31.7
27103,21
27105,26
27107,29.5
27109,20.3
27111,29.4
27113,22.6
27115,27.9
27117,25.4
27119,24.2
27121,29.6
27123,14.2
27125,33.4
27127,26.1
27129,28.8
27131,25.6
27133,28.3
27135,31.6
27137,22.2
27139,26.8
27141,34.7
27143,33.2
27145,23.7
27147,23.9
27149,25.3
27151,24.2
27153,30
27155,26
27157,30.3
27159,25.3
27161,26
27163,25.3
27165,28.5
27167,26.9
27169,23.2
27171,31.1
27173,32.4
28001,17.4
28003,25.9
28005,22.5
28007,22.7
28009,28.8
28011,12.8
28013,21.7
28015,24.2
28017,24.4
28019,24.2
28021,12.8
28023,27.8
28025,23
28027,14.7
28029,21.6
28031,19.3
28033,26.4
28035,18.2
28037,22.7
28039,29.5
28041,27.1
28043,20.4
28045,20.2
28047,18
28049,20.2
28051,12.8
28053,11.3
28055,17.2
28057,24.1
28059,23.4
28061,23
28063,14.5
28065,21
28067,22
28069,20.5
28071,20.6
28073,23.8
28075,20.6
28077,24.1
28079,23.3
28081,24
28083,11.6
28085,22.5
28087,21.3
28089,24
28091,23.7
28093,26.3
28095,26.9
28097,19.1
28099,25.7
28101,27.2
28103,25.1
28105,21.5
28107,20.7
28109,22.4
28111,29.2
28113,18.8
28115,28.3
28117,23.4
28119,18.4
28121,24.5
28123,25.2
28125,12.9
28127,20
28129,25.9
28131,31.3
28133,17.7
28135,17.6
28137,24.5
28139,28.3
28141,27.5
28143,14.8
28145,26.9
28147,30
28149,17.6
28151,12.2
28153,28.5
28155,23.9
28157,20.2
28159,22.7
28161,26
28163,17.8
29001,24.2
29003,31.9
29005,23.3
29007,23.4
29009,25.1
29011,28.4
29013,31.7
29015,19.6
29017,32.1
29019,20
29021,18.2
29023,19.8
29025,31.6
29027,24.4
29029,22.6
29031,21.6
29033,29.7
29035,24.1
29037,28.9
29039,21.3
29041,26.2
29043,26.8
29045,29.7
29047,21.2
29049,31.5
29051,23.1
29053,23.1
29055,25
29057,28.7
29059,28.8
29061,33.1
29063,25.6
29065,27.6
29067,30.1
29069,16.1
29071,27.5
29073,29.8
29075,26.3
29077,16.5
29079,18
29081,32.1
29083,23.8
29085,24.9
29087,27.6
29089,26.9
29091,22.7
29093,28.5
29095,16
29097,20.6
29099,27.3
29101,27.5
29103,34.1
29105,24
29107,27.3
29109,27.1
29111,28.9
29113,32.1
29115,23.7
29117,25.6
29119,24.6
29121,22.3
29123,20.4
29125,31.1
29127,18.3
29129,28.9
29131,26.5
29133,13.6
29135,33.1
29137,25
29139,28.7
29141,22
29143,16.3
29145,26.3
29147,23.9
29149,24.3
29151,39.1
29153,24.7
29155,17.4
29157,34.3
29159,21.3
29161,20
29163,25.2
29165,23.7
29167,26.7
29169,22.1
29171,24.7
29173,30.9
29175,20.1
29177,35.2
29179,33.3
29181,19.8
29183,25.2
29185,25.5
29186,32.4
29187,21.4
29189,18.1
29195,23.3
29197,32.5
29199,30.2
29201,20
29203,30.5
29205,29.4
29207,21.5
29209,21.9
29211,28.1
29213,17.6
29215,27.7
29217,25.2
29219,25.9
29221,25.3
29223,21.8
29225,27.2
29227,38.2
29229,25.8
29510,7.4
30001,28.6
30003,24.2
30005,23.9
30007,40.5
30009,37.9
30011,47.8
30013,23.8
30015,27
30017,29.4
30019,27.7
30021,34.8
30023,33.5
30025,39.7
30027,29.9
30029,28.9
30031,26.5
30033,38.4
30035,22.1
30037,39.4
30039,35.5
30041,29.1
30043,44.8
30045,40.3
30047,31
30049,27.7
30051,31.6
30053,33.3
30055,40.8
30057,33.8
30059,31.7
30061,26.7
30063,23.4
30065,34.5
30067,25.4
30069,41.7
30071,34.4
30073,36.5
30075,45.6
30077,30
30079,40
30081,30
30083,37.8
30085,21.7
30087,34.4
30089,36.3
30091,37
30093,21.7
30095,40.7
30097,40.6
30099,36.3
30101,29.4
30103,34
30105,31.4
30107,34.1
30109,29
30111,28.4
31001,25.5
31003,38.1
31005,55
31007,49
31009,42.4
31011,39
31013,31.3
31015,32.7
31017,32.9
31019,30.6
31021,28.1
31023,43.4
31025,34.1
31027,35
31029,36.9
31031,43.1
31033,27.8
31035,37.4
31037,34
31039,33.6
31041,35
31043,33.5
31045,26
31047,27.8
31049,33.7
31051,36.9
31053,24.1
31055,17
31057,38.3
31059,36.6
31061,31.9
31063,37.8
31065,31.2
31067,33.6
31069,33.4
31071,30.6
31073,46.4
31075,30.8
31077,40.6
31079,24
31081,38.2
31083,34.9
31085,44.6
31087,35.2
31089,31.6
31091,42.9
31093,39
31095,33.8
31097,35.1
31099,32.1
31101,29.6
31103,47.2
31105,26.3
31107,34.9
31109,20.6
31111,29.1
31113,44.9
31115,47.7
31117,44.7
31119,26.6
31121,36
31123,36.3
31125,38.6
31127,31.9
31129,38.3
31131,33.8
31133,33.6
31135,43.8
31137,27.4
31139,35.7
31141,26.8
31143,36.9
31145,26.7
31147,33
31149,36.8
31151,35.6
31153,24.3
31155,36.3
31157,25.2
31159,36.8
31161,28
31163,41.1
31165,38.8
31167,40.5
31169,36.2
31171,44.7
31173,23
31175,31.4
31177,31.7
31179,33.1
31181,39.7
31183,36
31185,26
32001,29.7
32003,15.3
32005,30.9
32007,34.8
32009,23
32011,33.9
32013,38.5
32015,43.1
32017,31.2
32019,28.6
32021,19.8
32023,21.8
32027,38
32029,35.9
32031,21.4
32033,36
32510,20.5
33001,21.6
33003,21
33005,21.4
33007,17
33009,17.9
33011,20.5
33013,23
33015,26.4
33017,19.3
33019,21
34001,16.6
34003,17.2
34005,22.7
34007,16.5
34009,16.1
34011,18.7
34013,10.3
34015,22.8
34017,5
34019,32
34021,17
34023,19.1
34025,22.8
34027,22.9
34029,18.7
34031,15.4
34033,23.1
34035,22.5
34037,26.6
34039,15.9
34041,22.9
35001,19.4
35003,34.2
35005,24
35006,27.7
35007,27.4
35009,23.7
35011,27.9
35013,24.2
35015,31.6
35017,24.7
35019,20.1
35021,37
35023,25.8
35025,31.3
35027,18.5
35028,26.5
35029,16.9
35031,17.2
35033,29.2
35035,23.1
35037,18.9
35039,33.6
35041,22.6
35043,27.9
35045,25.2
35047,23.1
35049,23.7
35051,21.6
35053,24.7
35055,24.6
35057,28.8
35059,30.3
35061,29
36001,13.1
36003,16.2
36005,1.7
36007,15.6
36009,15.5
36011,17.2
36013,14.1
36015,16.8
36017,19.9
36019,18.3
36021,20.1
36023,17.2
36025,18
36027,21.6
36029,12.8
36031,18.7
36033,15.3
36035,15.4
36037,18.7
36039,19.1
36041,17.4
36043,17.3
36045,14.5
36047,1.6
36049,21.5
36051,20.3
36053,19.5
36055,13.5
36057,15.6
36059,22.3
36061,0.4
36063,14.6
36065,13.5
36067,13.3
36069,19.3
36071,20.7
36073,19.2
36075,17.7
36077,18.5
36079,27.7
36081,5
36083,17.6
36085,12.9
36087,20.1
36089,14.6
36091,19.1
36093,15
36095,22
36097,21.6
36099,18.3
36101,17.7
36103,26.9
36105,16.6
36107,22.1
36109,13.3
36111,18.4
36113,16.5
36115,20
36117,21.1
36119,15.3
36121,19.5
36123,17.6
37001,23.8
37003,35.2
37005,28
37007,24.2
37009,28
37011,26.6
37013,21.2
37015,29
37017,25.7
37019,18.7
37021,19.2
37023,27.4
37025,25
37027,27
37029,37
37031,20.3
37033,35.4
37035,25.1
37037,28.8
37039,20.9
37041,19.6
37043,20.8
37045,24.5
37047,23.5
37049,19.5
37051,19.2
37053,36.4
37055,20.3
37057,27.8
37059,32.6
37061,29
37063,15.3
37065,22.8
37067,19.9
37069,29.3
37071,21.9
37073,41.2
37075,20.9
37077,30.8
37079,27.6
37081,19.1
37083,23.7
37085,24.7
37087,23.7
37089,20.4
37091,25.9
37093,22.3
37095,17.4
37097,27.6
37099,24
37101,26.7
37103,27.8
37105,24.8
37107,22.4
37109,33.1
37111,28.6
37113,21.6
37115,29.4
37117,22.7
37119,16.1
37121,28.3
37123,27.7
37125,24.9
37127,25.1
37129,17.3
37131,25.6
37133,19
37135,22.4
37137,25.7
37139,22
37141,22.9
37143,26.1
37145,29.2
37147,19.8
37149,30.8
37151,29.3
37153,21.8
37155,23.6
37157,27
37159,26.3
37161,25.6
37163,27.5
37165,19
37167,29
37169,32.2
37171,28.3
37173,22.5
37175,24.9
37177,15
37179,29.5
37181,22
37183,19.5
37185,26.2
37187,22
37189,24
37191,22.4
37193,29
37195,21.7
37197,31.8
37199,32
38001,42.4
38003,28.5
38005,30.6
38007,49.4
38009,41
38011,35.4
38013,36
38015,26.7
38017,19.7
38019,36.3
38021,34.2
38023,38.7
38025,52
38027,31.4
38029,32
38031,34.5
38033,30.3
38035,22.4
38037,40.9
38039,41.4
38041,37.4
38043,41.2
38045,44.9
38047,40.9
38049,36.5
38051,30.6
38053,40.5
38055,38.7
38057,42.6
38059,35.3
38061,40
38063,32.6
38065,46.2
38067,30
38069,32.5
38071,26.2
38073,35
38075,38.2
38077,27.4
38079,24.9
38081,33.2
38083,45
38085,21.9
38087,48.1
38089,32.5
38091,36.7
38093,29.5
38095,35.8
38097,28.2
38099,29.1
38101,26.4
38103,32.1
38105,33.6
39001,27.9
39003,21.9
39005,25.7
39007,21
39009,20.6
39011,28.6
39013,23.7
39015,33.3
39017,23.6
39019,30.3
39021,28
39023,22.3
39025,28.1
39027,28.1
39029,23.8
39031,25.6
39033,20
39035,12.6
39037,27.1
39039,24.3
39041,24.5
39043,19.7
39045,27.4
39047,23.6
39049,14.9
39051,29
39053,29.8
39055,29
39057,23
39059,26.9
39061,16.1
39063,23.5
39065,24.6
39067,27.7
39069,26.9
39071,25.4
39073,28.4
39075,23.1
39077,26.2
39079,26.3
39081,20.2
39083,24.3
39085,20.7
39087,22.7
39089,26.3
39091,26.2
39093,20.5
39095,15.5
39097,27.1
39099,18
39101,20.5
39103,25.9
39105,28.3
39107,26.8
39109,24.8
39111,30.7
39113,17.1
39115,26.1
39117,33.8
39119,24.4
39121,29
39123,24.1
39125,29.4
39127,27
39129,28.4
39131,24.5
39133,23.8
39135,29.6
39137,35
39139,20
39141,28.4
39143,23.6
39145,24.9
39147,23.4
39149,27.6
39151,20.9
39153,17.2
39155,18.7
39157,24.9
39159,31.2
39161,24.9
39163,32.9
39165,25.2
39167,24.9
39169,23.9
39171,23.5
39173,21.4
39175,27.5
40001,26.6
40003,25.5
40005,25.5
40007,32.9
40009,28.5
40011,23
40013,20.1
40015,24.7
40017,24.9
40019,19.7
40021,23.5
40023,18.3
40025,28.7
40027,22.3
40029,29.2
40031,19.7
40033,30.2
40035,26.9
40037,23
40039,23.9
40041,23.2
40043,32.1
40045,30.5
40047,19.9
40049,25.2
40051,27.7
40053,29.7
40055,25.7
40057,22.9
40059,28.8
40061,26
40063,14.6
40065,21.6
40067,24
40069,25.1
40071,22.4
40073,29.7
40075,24.3
40077,24.6
40079,23.5
40081,27.7
40083,28.5
40085,28.1
40087,28.4
40089,24.3
40091,22
40093,31.1
40095,24.5
40097,28
40099,27.5
40101,19.7
40103,30.1
40105,28.5
40107,27.1
40109,17.7
40111,20.9
40113,24.7
40115,21.4
40117,31.1
40119,19.6
40121,22.7
40123,20.9
40125,23
40127,23.4
40129,37.5
40131,31.2
40133,19.3
40135,21.4
40137,25
40139,26.3
40141,17.6
40143,18.1
40145,28.7
40147,21.2
40149,25.1
40151,27.1
40153,25.5
41001,27.2
41003,21.1
41005,26.8
41007,18.6
41009,31.7
41011,22.5
41013,31.1
41015,18.3
41017,24.9
41019,25.7
41021,31
41023,26.4
41025,40.4
41027,33
41029,22.7
41031,28.2
41033,26.3
41035,25.9
41037,27
41039,20.8
41041,17.7
41043,26.7
41045,25.1
41047,21.5
41049,36.9
41051,13.6
41053,24.6
41055,35.1
41057,21.8
41059,28
41061,30.1
41063,27.2
41065,26.2
41067,18.3
41069,30
41071,27.8
42001,28.6
42003,12.4
42005,21.9
42007,20.2
42009,30.5
42011,22.3
42013,19.5
42015,22.8
42017,23.2
42019,22.8
42021,19.2
42023,16.4
42025,24.6
42027,17.8
42029,23.2
42031,20.8
42033,19.8
42035,21.7
42037,24.5
42039,18.1
42041,21.1
42043,17.4
42045,15.6
42047,19.7
42049,14.5
42051,21.2
42053,16.3
42055,25.6
42057,34.9
42059,21.6
42061,26.2
42063,20.5
42065,19.1
42067,27.3
42069,15.6
42071,21
42073,17.7
42075,21.3
42077,19.6
42079,17.8
42081,19.5
42083,15.9
42085,17.6
42087,19.1
42089,24.6
42091,19.4
42093,21.9
42095,23
42097,20.7
42099,29.3
42101,5.1
42103,24.3
42105,18.3
42107,21.7
42109,25.4
42111,24.2
42113,24.4
42115,23.2
42117,23.4
42119,22
42121,17.9
42123,16.6
42125,20.6
42127,21.6
42129,20
42131,23.7
42133,24.7
44001,18.8
44003,19.7
44005,18
44007,14.2
44009,22.4
45001,26.3
45003,22.7
45005,15.3
45007,24.1
45009,17.1
45011,20.6
45013,14
45015,22.4
45017,29.1
45019,15.6
45021,24.5
45023,22.3
45025,26.5
45027,20.9
45029,21.6
45031,21.8
45033,19.6
45035,21.2
45037,31.9
45039,26.7
45041,21.2
45043,19.6
45045,18.9
45047,20.6
45049,22.2
45051,15.3
45053,16.9
45055,24.8
45057,21.8
45059,25
45061,22.2
45063,24.4
45065,21
45067,19.6
45069,20.6
45071,25.7
45073,25.6
45075,21
45077,25.2
45079,17.5
45081,29.1
45083,23.8
45085,21
45087,24.9
45089,18.7
45091,23.8
46003,38
46005,24.5
46007,26.4
46009,34.1
46011,30.8
46013,27.1
46015,33.3
46017,18.3
46019,32.8
46021,37
46023,31.3
46025,41
46027,22.9
46029,28.6
46031,27.9
46033,39.3
46035,28.7
46037,31.6
46039,40.7
46041,25.7
46043,45.1
46045,40.5
46047,33
46049,38.8
46051,33.5
46053,37.8
46055,38.7
46057,37.5
46059,34.6
46061,49.5
46063,45.2
46065,26.2
46067,36.7
46069,42.9
46071,35.8
46073,39.3
46075,35.4
46077,36.8
46079,29.6
46081,29
46083,29.7
46085,33.6
46087,43.9
46089,29.1
46091,32.1
46093,38.4
46095,31.6
46097,43.2
46099,23.2
46101,38.9
46102,18.7
46103,27.4
46105,36.8
46107,31.4
46109,30
46111,44.2
46115,37.5
46117,30.8
46119,36.8
46121,16
46123,37.5
46125,40.7
46127,30.3
46129,25.7
46135,25.5
46137,30
47001,21.2
47003,28.2
47005,24.2
47007,30.3
47009,27.5
47011,23.6
47013,22.3
47015,30.6
47017,27.8
47019,24.7
47021,31.7
47023,24
47025,21.4
47027,30.4
47029,27.5
47031,27.3
47033,19
47035,20.7
47037,15.6
47039,21.3
47041,25.6
47043,28.5
47045,23
47047,27
47049,21.9
47051,26.6
47053,21.9
47055,30.6
47057,31
47059,25.1
47061,26.2
47063,23.6
47065,21.3
47067,28.4
47069,22.3
47071,24.2
47073,28.4
47075,19
47077,26.1
47079,22.6
47081,28.4
47083,26.6
47085,28.8
47087,25.8
47089,30.9
47091,26.4
47093,20
47095,18.1
47097,15.4
47099,27.6
47101,27.1
47103,25.4
47105,26.3
47107,23.3
47109,21.5
47111,28.6
47113,20
47115,34.6
47117,28.7
47119,27.3
47121,28.4
47123,26.3
47125,22.6
47127,38.3
47129,32.8
47131,21.3
47133,25.4
47135,28.9
47137,31.3
47139,28.2
47141,21.2
47143,27.7
47145,26
47147,30.2
47149,25
47151,27.9
47153,27.2
47155,24.4
47157,16.4
47159,30.7
47161,31
47163,25.8
47165,26.6
47167,31.5
47169,31.9
47171,25.5
47173,24.7
47175,34.5
47177,24.9
47179,21.4
47181,27.1
47183,23.2
47185,24.7
47187,28.6
47189,28.8
48001,18.3
48003,28.1
48005,19.7
48007,14.2
48009,27.5
48011,36.8
48013,28.5
48015,24.9
48017,18.4
48019,26.4
48021,28.6
48023,16.6
48025,18.7
48027,19.4
48029,18
48031,28.4
48033,32.4
48035,23.9
48037,20.3
48039,22.7
48041,18.6
48043,17.1
48045,25.8
48047,11.3
48049,19.4
48051,24.9
48053,19.9
48055,24.8
48057,22.5
48059,17.5
48061,18
48063,22.1
48065,31.4
48067,24.1
48069,25
48071,24.5
48073,20.3
48075,15.4
48077,28.1
48079,28.5
48081,27.7
48083,24.2
48085,20.6
48087,32.5
48089,22.1
48091,25.8
48093,22.4
48095,26.9
48097,23.2
48099,20.3
48101,18
48103,27
48105,25.8
48107,23.4
48109,17.5
48111,22.7
48113,17.2
48115,17.1
48117,23
48119,24.3
48121,20.9
48123,25.3
48125,21.4
48127,17.2
48129,22.7
48131,18.7
48133,10
48135,22.7
48137,25
48139,27.7
48141,21.5
48143,23.1
48145,24
48147,26.8
48149,24.4
48151,26.5
48153,18.7
48155,24.3
48157,25.7
48159,24.1
48161,20.6
48163,19.3
48165,27.8
48167,19.4
48169,22.8
48171,27.1
48173,47.8
48175,26.4
48177,22.5
48179,22.8
48181,22.3
48183,18.7
48185,21
48187,26
48189,19.6
48191,27.2
48193,20.7
48195,27.4
48197,25.9
48199,22.9
48201,17.6
48203,20.9
48205,22.8
48207,16.8
48209,23.5
48211,28.7
48213,19
48215,19.6
48217,23.5
48219,22.8
48221,20.1
48223,22.6
48225,17
48227,19.4
48229,23.9
48231,25
48233,23.7
48235,26.4
48237,23.4
48239,23.5
48241,19.2
48243,21.7
48245,16.6
48247,15
48249,23
48251,26.6
48253,21
48255,23.1
48257,27.9
48259,28.8
48261,4.1
48263,19.6
48265,15.4
48267,18.3
48269,21.2
48271,17.3
48273,23.5
48275,16.1
48277,22.8
48279,24.6
48281,24.6
48283,17.1
48285,27.1
48287,27.6
48289,22.7
48291,21.4
48293,22.2
48295,32.6
48297,17
48299,19.8
48301,20
48303,17.9
48305,21.8
48307,21.1
48309,18.5
48311,17.6
48313,19.2
48315,16.7
48317,27.4
48319,23.6
48321,17.2
48323,22.9
48325,28.3
48327,16.8
48329,25.1
48331,20.7
48333,29.7
48335,21.6
48337,24.4
48339,22.8
48341,27.9
48343,20.7
48345,29.7
48347,17.4
48349,21.6
48351,18.8
48353,17.1
48355,18.4
48357,24.4
48359,25.8
48361,18.3
48363,19.9
48365,25.7
48367,26.5
48369,29.3
48371,23.4
48373,19.4
48375,17.9
48377,14.1
48379,25.7
48381,21.8
48383,22.4
48385,24.7
48387,22.9
48389,17.9
48391,15.5
48393,28
48395,19.1
48397,27.8
48399,23.7
48401,21.7
48403,19.8
48405,19.2
48407,23.3
48409,18.7
48411,21.2
48413,31
48415,23.8
48417,23.7
48419,21.9
48421,30.7
48423,18.2
48425,25.5
48427,20.3
48429,17.8
48431,29.3
48433,24.3
48435,26.9
48437,21
48439,19.9
48441,18.6
48443,20.4
48445,19.6
48447,17.3
48449,24.5
48451,18.3
48453,15.1
48455,17.5
48457,22.1
48459,27.5
48461,19.8
48463,20.1
48465,21.8
48467,24.4
48469,20.3
48471,19
48473,26.5
48475,26.8
48477,21.6
48479,21.4
48481,21.3
48483,30.2
48485,17.7
48487,22
48489,19.1
48491,19.4
48493,33.2
48495,21.5
48497,27.2
48499,20.5
48501,22.5
48503,20
48505,17.7
48507,24.3
49001,35.4
49003,37.6
49005,27.7
49007,34.2
49009,31.6
49011,30.3
49013,36.3
49015,43.7
49017,38.1
49019,25.1
49021,27.6
49023,43.5
49025,30
49027,41.4
49029,40.8
49031,31.2
49033,24.5
49035,23.7
49037,21.8
49039,36.5
49041,33.6
49043,33.8
49045,33.5
49047,35.1
49049,30.3
49051,34.4
49053,23.5
49055,39.9
49057,27.3
50001,21.3
50003,15.8
50005,19.7
50007,17.6
50009,17.5
50011,24.4
50013,24.7
50015,19.6
50017,22.7
50019,17.9
50021,18.8
50023,17
50025,17.7
50027,19.3
51001,21.7
51003,24.2
51005,33.6
51007,47.4
51009,32.9
51011,35.1
51013,9.9
51015,38.6
51017,30.8
51019,33.9
51021,34.4
51023,39.3
51025,32
51027,25.2
51029,37.8
51031,28.8
51033,34.5
51035,27.6
51036,39.4
51037,32.2
51041,29.8
51043,38
51045,41.5
51047,34.8
51049,30.1
51051,23.2
51053,34.7
51057,25.6
51059,22.9
51061,38.3
51063,42.4
51065,32.8
51067,34.8
51069,33.3
51071,27.7
51073,36.3
51075,41.2
51077,26.6
51079,36.3
51081,28.6
51083,32.5
51085,35.2
51087,21.2
51089,29.7
51091,38.4
51093,35.6
51095,23.6
51097,37
51099,36.7
51101,35.1
51103,23.3
51105,25.9
51107,27.2
51109,38.1
51111,27.5
51113,30.7
51115,34.3
51117,27.7
51119,32.8
51121,25.8
51125,30.1
51127,38.9
51131,17.8
51133,30.6
51135,26.6
51137,33.8
51139,37.4
51141,30.1
51143,34
51145,43.5
51147,25.6
51149,34.6
51153,29.8
51155,27.3
51157,38.5
51159,36.4
51161,28.1
51163,34.5
51165,35.3
51167,30.9
51169,30
51171,31.2
51173,23.7
51175,35.5
51177,34
51179,36.1
51181,36.5
51183,27.4
51185,24.8
51187,34.2
51191,26.1
51193,30.3
51195,22.1
51197,27.8
51199,31.6
51510,6.7
51520,13.7
51530,26.1
51540,13.4
51550,27.1
51570,21.7
51580,20.3
51590,17
51595,13.9
51600,21.9
51610,15.1
51620,14.2
51630,11.5
51640,20.9
51650,20
51660,23.7
51670,16.9
51678,19.1
51680,17.9
51683,23.8
51685,24.4
51690,17.1
51700,18.6
51710,13.7
51720,11.6
51730,13.7
51735,35.1
51740,16.1
51750,24.2
51760,11.1
51770,16.2
51775,22.6
51790,17.9
51800,28.1
51810,22.6
51820,19.7
51830,10
51840,18.5
53001,33.8
53003,23.9
53005,28.7
53007,25.8
53009,24.5
53011,25.9
53013,24.7
53015,28.7
53017,33
53019,29.9
53021,30.8
53023,32.4
53025,29.2
53027,24.8
53029,26.2
53031,26
53033,18.5
53035,27.1
53037,28
53039,32.1
53041,32.3
53043,35.6
53045,30.9
53047,27.9
53049,25.1
53051,30.4
53053,24.9
53055,24.4
53057,29.6
53059,34.9
53061,27.7
53063,23.5
53065,33.3
53067,24.9
53069,29.6
53071,26.2
53073,25.1
53075,21.8
53077,31.2
54001,19.6
54003,24.5
54005,17.1
54007,20.2
54009,17.6
54011,12.7
54013,25
54015,22.8
54017,22.3
54019,15.7
54021,20.7
54023,28.5
54025,20.3
54027,17.8
54029,15.4
54031,25.7
54033,16.9
54035,19.6
54037,28.7
54039,14.5
54041,16.5
54043,19
54045,15.3
54047,16.1
54049,19.3
54051,18.9
54053,19
54055,17.5
54057,19.7
54059,15.5
54061,15.1
54063,29.1
54065,25.2
54067,22.6
54069,14.1
54071,31.1
54073,25
54075,27.8
54077,21.7
54079,21.6
54081,16.8
54083,17.5
54085,21
54087,19.2
54089,21.6
54091,23.3
54093,20.3
54095,21.9
54097,18.7
54099,14.7
54101,18.2
54103,15.8
54105,26.2
54107,18
54109,17.8
55001,22.9
55003,19.2
55005,24.9
55007,24.7
55009,18.3
55011,30.1
55013,25.1
55015,26.5
55017,26.5
55019,27.4
55021,26.6
55023,23.6
55025,15.2
55027,24.2
55029,22.9
55031,23.1
55033,27.3
55035,20
55037,27.3
55039,22.6
55041,24.3
55043,26.5
55045,26.1
55047,24
55049,27.2
55051,21.2
55053,28.1
55055,24.6
55057,24.8
55059,21.3
55061,29.3
55063,18.8
55065,30.1
55067,19.4
55069,27.9
55071,22.2
55073,23.4
55075,21.2
55077,25.9
55078,17.7
55079,10.5
55081,24.4
55083,28.9
55085,20.9
55087,21.5
55089,21.9
55091,27.7
55093,33
55095,29.7
55097,23.5
55099,23.2
55101,19.2
55103,26.6
55105,21.3
55107,25.6
55109,30.2
55111,20.8
55113,19
55115,25.2
55117,20.1
55119,28.5
55121,28.5
55123,25.3
55125,18.9
55127,23.7
55129,22.6
55131,23.1
55133,23.1
55135,27.2
55137,27.6
55139,19.4
55141,21.2
56001,27.6
56003,38.4
56005,34.2
56007,32.6
56009,36.2
56011,38
56013,30
56015,33.5
56017,24.9
56019,34.2
56021,30.4
56023,39.1
56025,26.8
56027,35.3
56029,33.7
56031,31.8
56033,29.7
56035,41.9
56037,35.1
56039,23.9
56041,33.3
56043,30.4
56045,40.2
